offset_days,mean_daily_return,std_across_events,car,car_sd_across_events,car_ci_low,car_ci_high,car_t_stat,car_p_value,car_boot_ci_low,car_boot_ci_high,n_events
-30,-0.007478264695719992,0.025947657734562195,,,,,,,,,4
-29,-0.006300194982430948,0.016388310556145782,,,,,,,,,4
-28,0.014426679038111238,0.026273914284898617,,,,,,,,,4
-27,0.03222550450398731,0.04877014231820312,,,,,,,,,4
-26,0.006152656622293808,0.03943567453333369,,,,,,,,,4
-25,0.008763297110523486,0.044090266554172815,,,,,,,,,4
-24,-0.003414216581999581,0.01021923985161169,,,,,,,,,4
-23,0.038215880160400235,0.03943464395199082,,,,,,,,,4
-22,-0.017750331825503115,0.00983546544878301,,,,,,,,,4
-21,-0.008891165464051661,0.02208795157837327,,,,,,,,,4
-20,0.006982762634790255,0.009609134922711147,,,,,,,,,4
-19,-0.008092903640625423,0.03744323253971592,,,,,,,,,4
-18,-0.027672102322433775,0.06470586453942888,,,,,,,,,4
-17,-0.025228435407095736,0.05471511908049491,,,,,,,,,4
-16,0.019302349775607852,0.018053100414958563,,,,,,,,,4
-15,0.01494008609432929,0.030432013306745748,,,,,,,,,4
-14,0.006170554080055072,0.00833797777137193,,,,,,,,,4
-13,-0.011153222701045903,0.02519051342321944,,,,,,,,,4
-12,0.05726426828197362,0.04741546785756583,,,,,,,,,4
-11,-0.017324862082857103,0.018489306681199087,,,,,,,,,4
-10,0.003281795968419047,0.02200598192315657,,,,,,,,,4
-9,0.015887514815231544,0.02579008272993405,,,,,,,,,4
-8,-0.01213241188169267,0.02338304985228283,,,,,,,,,4
-7,-0.0043369546418055,0.03693504604434335,,,,,,,,,4
-6,-0.002887151215912982,0.043317170671743135,,,,,,,,,4
-5,0.006733321563746956,0.030841604575572567,,,,,,,,,4
-4,0.01915690726364716,0.04856407248262418,,,,,,,,,4
-3,-0.013392052507310011,0.022691212069515496,,,,,,,,,4
-2,-0.016087789125606707,0.03706615615800922,,,,,,,,,4
-1,-0.016137286171852283,0.051896774759908885,,,,,,,,,4
0,-0.005010721478656328,0.01924575770161781,-0.005010721478656328,0.01924575770161781,-0.03563501672360586,0.025613573766293203,-0.5207091927833138,0.6385597734267173,-0.0212716439127396,0.011250200955426944,4
1,0.008617919467305394,0.015667633975231795,0.0036071979886490657,0.020653851672350513,-0.029257688983625747,0.03647208496092388,0.34930027056193613,0.7499442163439962,-0.016749733607601756,0.015808618085983016,4
2,0.020327093435739022,0.027169210916566343,0.023934291424388087,0.04137165948608117,-0.041897251013079256,0.08976583386185544,1.1570380169275247,0.33101887103568967,-0.012961961506289253,0.05802338451439275,4
3,0.0127190181092981,0.02992166500916986,0.03665330953368619,0.05962255467040515,-0.05821947987751719,0.13152609894488956,1.2295115409363628,0.30651470983139595,-0.0011961126411124843,0.09473418970051296,4
4,-0.024153441439549225,0.022504449157845535,0.01249986809413696,0.04478779595752539,-0.05876750978927667,0.08376724597755059,0.5581818808851964,0.6156702794236848,-0.01849586054763048,0.05389671781984101,4
5,0.005691848617644717,0.0052211281084180074,0.01819171671178168,0.048179660408176055,-0.05847287441613013,0.09485630783969348,0.7551616826545567,0.505029676734181,-0.017031345363818572,0.060444686031285964,4
6,0.004890570221903538,0.02078545254526091,0.023082286933685213,0.06616137257545365,-0.08219522091894044,0.12835979478631088,0.6977571968405295,0.5355463326176497,-0.02178512110749549,0.08449211654372088,4
7,0.009208777105056524,0.024147396800489905,0.03229106403874173,0.07570172639620507,-0.08816727569785873,0.1527494037753422,0.8531130154083378,0.45629597774067815,-0.02905685749541488,0.09363898557289835,4
8,0.008781116610983134,0.013793805809332463,0.04107218064972487,0.07877157647757575,-0.0842709756114921,0.16641533691094185,1.0428172822316706,0.3736736622616428,-0.022264521164961765,0.10440888246441149,4
9,-0.01013492421333306,0.01382333657230282,0.030937256436391808,0.06738796600842893,-0.07629203528566256,0.13816654815844617,0.9181834166807218,0.42623470436766225,-0.025113923129924796,0.08698843600270842,4
10,-0.026405243228608263,0.028015834258107,0.004532013207783545,0.07384442308211546,-0.1129709424939591,0.12203496890952618,0.12274490120246233,0.9100703243105829,-0.05421293795964889,0.062035369749508434,4
11,-0.01261934477867543,0.022909140657869004,-0.008087331570891886,0.09501832100514668,-0.1592826838794371,0.1431080207376533,-0.17022678332642469,0.8756642541837694,-0.08767509212849509,0.0642221163733537,4
12,0.0002704044896431096,0.006647307552780791,-0.00781692708124878,0.0923376572347694,-0.15474674513392145,0.13911289097142387,-0.16931179142598704,0.8763241294356799,-0.08233061153380924,0.06435331490397293,4
13,-0.0035370075695406733,0.046272266217215564,-0.011353934650789451,0.06015057369109254,-0.10706692015274588,0.08435905085116699,-0.37751708600813594,0.7309148432881176,-0.06255562566873554,0.03984775636715664,4
14,0.011846112621213715,0.007554366733875713,0.0004921779704242617,0.06255214559516589,-0.09904224434802786,0.10002660028887639,0.01573656557233419,0.9884326054667145,-0.05355218656066494,0.05453654250151346,4
15,-0.0003713767083841596,0.0047455786810118505,0.00012080126204009993,0.059880122906779236,-0.09516183669026684,0.09540343921434705,0.004034770009679576,0.9970340303394996,-0.05132697176045613,0.051568574284536324,4
16,0.00208239427778845,0.02728137326131224,0.002203195539828548,0.08047132231853128,-0.12584463565712356,0.13025102673678068,0.05475728436790423,0.9597744319968362,-0.06616139323509405,0.07056778431475115,4
17,0.0006728429889230093,0.027527293182855902,0.0028760385287515573,0.10185426279165948,-0.1591968226206047,0.16494889967810783,0.05647360159357154,0.9585153561128029,-0.07903896696112926,0.08479104401863238,4
18,-0.011638732261906589,0.009392580915395039,-0.008762693733155032,0.10186965622533903,-0.17086004927058085,0.1533346618042708,-0.17203736731518293,0.8743588951072327,-0.08961371320792176,0.0720883257416117,4
19,0.011179022729767011,0.020043626317910603,0.0024163289966119793,0.10641105259489074,-0.16690740158936818,0.17174005958259214,0.045415000372395486,0.9666304894167633,-0.07802034914337401,0.0922431900175803,4
20,-0.018422101239572216,0.017724458226420853,-0.016005772242960237,0.10813535380324657,-0.18807325083380452,0.15606170634788405,-0.2960321796714682,0.7865147336118393,-0.09843286233553739,0.07411517601142176,4
21,0.0223893769013388,0.038637137806668775,0.006383604658378568,0.145077476806481,-0.22446703536295556,0.23723424467971269,0.08800269757784202,0.9354198351643653,-0.10140385022785285,0.1324392725518202,4
22,-0.02961364660558119,0.035170338621062426,-0.023230041947202622,0.12436015093804248,-0.22111479338585138,0.17465470949144613,-0.37359301628342456,0.7335462082135772,-0.12338130772911259,0.07692122383470734,4
23,-0.0022028814392214234,0.024844140212244528,-0.02543292338642404,0.1348096419193282,-0.23994514680781687,0.1890793000349688,-0.37731608843888814,0.7310495061717708,-0.12911897809747958,0.08640364189208555,4
24,-0.03327431043905415,0.059182470074420825,-0.0587072338254782,0.1864180917618651,-0.3553400175082716,0.23792554985731518,-0.6298448103467577,0.5734989832133891,-0.20283641121147214,0.09093646298703897,4
25,0.021283452197794483,0.03994607283772832,-0.037423781627683714,0.1574048571631153,-0.2878900346839168,0.21304247142854932,-0.47550987056139243,0.666902196309159,-0.1749854237113266,0.0966165733454718,4
26,0.002771790810396471,0.01588851125802902,-0.034651990817287245,0.15394072220569702,-0.2796060321254003,0.2103020504908258,-0.4501991457592999,0.6831103245376696,-0.1594001692391184,0.09696731943959953,4
27,0.005462760487661148,0.014310334359127434,-0.029189230329626094,0.1596710719841628,-0.28326153687797007,0.22488307621871786,-0.3656170146151617,0.7389097997589641,-0.16680394070316626,0.11049984586996234,4
28,0.004674906503303491,0.015748871509266373,-0.024514323826322605,0.1518119277621378,-0.2660809781286289,0.2170523304759837,-0.3229564921240204,0.7679289555188556,-0.14887062224875294,0.11331853156486615,4
29,-0.0029951674742337803,0.007199998804349505,-0.027509491300556382,0.15260827003776334,-0.2703433038692655,0.21532432126815276,-0.3605242532891446,0.742344993299194,-0.14754918114051616,0.11071156855301431,4
30,0.019036299996534004,0.03586180668102243,-0.008473191304022382,0.15617276779927278,-0.2569789152383854,0.24003253263034063,-0.10851048391372413,0.920441359413705,-0.1479542789499715,0.13505128991380158,4
31,-0.025478961702971148,0.02557286383847845,-0.03395215300699352,0.13899163959829755,-0.2551188679594569,0.18721456194546984,-0.48854957183208003,0.6586452396608856,-0.16528158835673898,0.08723975379116777,4
32,0.0022439059719707765,0.017317638486582364,-0.031708247035022744,0.1434666127177018,-0.2599956428225321,0.1965791487524866,-0.44202963232170017,0.6883917829597703,-0.15889597237161385,0.09903370620595772,4
33,-0.007526206456953784,0.010963204751586788,-0.03923445349197653,0.15007571744097456,-0.2780384097333921,0.19956950274943908,-0.5228621146843108,0.6372295501387584,-0.16743592183727884,0.09585468786194079,4
34,-0.0034325291148744564,0.0069520578391001975,-0.04266698260685099,0.14526373332167683,-0.27381399830749514,0.18848003309379313,-0.5874416364113101,0.5981936016265427,-0.1697823077939528,0.08805232033429512,4
35,-0.0005573830729673729,0.011400018090061931,-0.043224365679818355,0.15208454027038484,-0.2852248073169471,0.1987760759573104,-0.5684255033808372,0.6095118183630596,-0.17817069062164015,0.0979808651832622,4
36,-0.006703311285091825,0.01846445885230345,-0.049927676964910184,0.1690454721348676,-0.31891674607518483,0.21906139214536446,-0.5907011448975925,0.5962685992018321,-0.19833544369339545,0.10355601191997182,4
37,-0.0016271093639862412,0.007805305533755913,-0.05155478632889643,0.1702344401221628,-0.3224357688283052,0.21932619617051236,-0.6056916131882589,0.5874725886847311,-0.2054325452309446,0.10268277627188585,4
38,-0.004464040321884962,0.01357882077939903,-0.056018826650781395,0.16256285352364522,-0.314692602937132,0.20265494963556924,-0.6891959071404132,0.5402209429183044,-0.19662861085848202,0.09318047556167174,4
39,-0.008543750306462369,0.004893456991281507,-0.06456257695724375,0.16447937553002262,-0.3262859674326898,0.19716081351820225,-0.7850537704097627,0.4897111250258656,-0.20482163247480217,0.08486929113613235,4
40,0.0030929286578949035,0.004409132950269184,-0.06146964829934887,0.16780637972452372,-0.32848704487802155,0.20554774827932382,-0.7326258799011026,0.5168378181729705,-0.20596352891984315,0.09189131060289826,4
41,-0.00045918320990079005,0.01452486509861091,-0.06192883150924966,0.16757020741353237,-0.32857042523866,0.20471276222016066,-0.739138925291424,0.5134022709481345,-0.20133629554646848,0.08427063854989536,4
42,0.012789255529764069,0.02043931457097853,-0.04913957597948561,0.18381707640398146,-0.3416335638044375,0.2433544118454663,-0.5346573554623378,0.6299741889646008,-0.1962332064900772,0.11654857546157733,4
43,0.0039061612845412456,0.015393700026465246,-0.045233414694944366,0.18501388827638,-0.33963179728061343,0.24916496789072473,-0.48897318051467753,0.6583780835726788,-0.19189903543823028,0.11235625092831451,4
44,-0.004589141192053222,0.019760027779241306,-0.04982255588699759,0.16768553748253132,-0.3166476654923948,0.21700255371839966,-0.5942379603510871,0.5941848271164997,-0.18799020088198812,0.09067770983251056,4
45,-0.0001221076069437511,0.01447240577896317,-0.04994466349394133,0.16694599460384696,-0.3155929953484046,0.21570366836052196,-0.5983331748983507,0.5917785844549337,-0.19610334795636022,0.09361174864624996,4
46,-0.008029707677649763,0.010590163096877988,-0.05797437117159111,0.16570355076806068,-0.3216456976286941,0.2056969552855119,-0.6997360153463369,0.5344704038068098,-0.20692940470736187,0.089048627091928,4
47,0.00027311791539841616,0.019954337156707948,-0.0577012532561927,0.16469341351810612,-0.319765225933822,0.20436271942143663,-0.7007111216363139,0.5339408437812914,-0.20392176177814755,0.07609729244202436,4
48,-0.001162264820244393,0.016257487660805918,-0.058863518076437096,0.17072503524124383,-0.3305251468879007,0.21279811073502652,-0.6895710168489316,0.5400154587762989,-0.2010184051809572,0.08011693787497884,4
49,0.001110939290831839,0.017686722085015177,-0.05775257878560526,0.18578289457380642,-0.3533746219962667,0.2378694644250562,-0.6217211645678364,0.5781712989151289,-0.21181879237811518,0.0867328816139799,4
50,0.013784518926426629,0.02584310148961291,-0.04396805985917865,0.1900452564826783,-0.34637247202417576,0.2584363523058184,-0.46271146855155654,0.6750683274083183,-0.19435746011889798,0.105883570460891,4
51,0.0028202252256779347,0.00963587113286549,-0.04114783463350072,0.19900624390081606,-0.357811177448771,0.2755155081817695,-0.41353310154437806,0.7069997730044494,-0.19931231543364267,0.11701664616664126,4
52,-0.015237799352795452,0.01692002969143565,-0.056385633986296174,0.19422584962195563,-0.3654423027462871,0.2526710347736947,-0.5806192542964399,0.6022370406230211,-0.21496460374152543,0.10219333576893308,4
53,0.0004292829839894802,0.009284219145800802,-0.055956351002306705,0.197740444627895,-0.37060552470790775,0.2586928227032943,-0.565957572388436,0.6109916166225523,-0.21568994971735134,0.10377724771273794,4
54,0.010678007954214256,0.03633196852352352,-0.04527834304809246,0.2198869710472043,-0.39516758234269295,0.304610896246508,-0.4118328869823971,0.7081189350637774,-0.22969951028306101,0.13914282418687607,4
55,0.006125112010072933,0.026908452405040795,-0.03915323103801953,0.23412699742027746,-0.41170152999168463,0.33339506791564555,-0.3344614800465426,0.7600494339784708,-0.2375879459802695,0.15928148390423041,4
56,0.0181835075988086,0.018903680710945017,-0.020969723439210927,0.23173725271272458,-0.38971540528531456,0.3477759584068927,-0.1809784416941048,0.8679207076762533,-0.21970588337269825,0.17776643649427643,4
57,-0.002017801711518548,0.011962005962673754,-0.022987525150729472,0.22053762908986133,-0.37391210658725843,0.32793705628579944,-0.20846805368858723,0.8482149968587843,-0.21229481347121165,0.16631976316975272,4
58,0.004920107366525155,0.012425954012500106,-0.018067417784204315,0.23163460466732333,-0.38664976368389203,0.35051492811548335,-0.1559992973429249,0.8859397749955138,-0.21701973428009413,0.1808848987116855,4
59,-0.010556393529062787,0.013680481945721168,-0.0286238113132671,0.22903383379009862,-0.39306775037839814,0.335820127751864,-0.24995268899441125,0.8187625962042675,-0.22648086070150747,0.16923323807497326,4
60,0.003178831759613203,0.0072307203306074515,-0.025444979553653893,0.23133232123094166,-0.39354632505071097,0.3426563659434032,-0.21998637646705566,0.8400011045142645,-0.22553324237383265,0.17464328326652484,4
61,0.015134857395788907,0.028390136578505483,-0.01031012215786499,0.24396847466778457,-0.3985184075639614,0.37789816324823144,-0.08452011819891429,0.9379672430935183,-0.22109737329562734,0.20047712897989736,4
62,0.004528091359982558,0.02120966129717988,-0.005782030797882434,0.2635407072306755,-0.4251341058069417,0.4135700442111769,-0.043879602955011116,0.9677576694549246,-0.23289211928945375,0.22132805769368888,4
63,-0.002003066558727614,0.002665033572519882,-0.007785097356610052,0.2644811268624571,-0.42863358985695915,0.4130633951437391,-0.05887072131735643,0.9567571223548428,-0.23548970417378162,0.21991950946056152,4
64,0.0006578828264757232,0.03370871290744226,-0.007127214530134332,0.29504416901473984,-0.4766083273183646,0.462353898258096,-0.04831286484281118,0.9645033707474029,-0.2594579346930249,0.24520350563275625,4
65,-0.016015306769654566,0.023651726475443603,-0.0231425212997889,0.3061260054425233,-0.5102573087856981,0.4639722661861203,-0.1511960492630152,0.8894157772259879,-0.28489297865287216,0.23860793605329436,4
66,-0.004370469400010732,0.020757379969228766,-0.027512990699799636,0.28937717040893046,-0.4879766441004769,0.4329506627008777,-0.19015315313865241,0.8613285594889504,-0.2762109220660238,0.22118494066642455,4
67,0.0010273286539861396,0.016126806427026488,-0.0264856620458135,0.3031905642741008,-0.5089295075813108,0.4559581834896838,-0.1747129704331367,0.8724308758033669,-0.28625745347306003,0.23328612938143303,4
68,0.0012677642626187685,0.006974069882373956,-0.025217897783194734,0.30152531761089646,-0.5050119642733417,0.4545761687069522,-0.16726885810456013,0.8777979414773613,-0.28409570815854945,0.23365991259215999,4
69,-0.00413834268477031,0.014623212518470851,-0.029356240467965047,0.3138341035555003,-0.5287363321340782,0.47002385119814816,-0.18708126449854431,0.8635340993395636,-0.2986370304590326,0.23992454952310252,4
70,0.0032956287159345878,0.00984469113778203,-0.026060611752030463,0.3183710635735341,-0.5326600192414495,0.48053879573738856,-0.1637121882844183,0.880365375834533,-0.29857911673974,0.2464578932356791,4
71,0.022400027005657245,0.013013488132749433,-0.0036605847463732216,0.3276584754075412,-0.5250383369741843,0.5177171674814379,-0.02234390391898266,0.9835767021803089,-0.2841652371508612,0.27684406765811476,4
72,0.010029054831517507,0.014355297153127139,0.006368470085144282,0.3417224711065088,-0.5373882377175194,0.550125177887808,0.03727276151622668,0.9726090547517948,-0.2857857013061852,0.2985226414764738,4
73,0.002090829985128554,0.021921921588362217,0.008459300070272832,0.36329048131800495,-0.5696169249373395,0.5865355250778852,0.046570447095573723,0.9657823111320111,-0.3015624356564927,0.31848103579703835,4
74,-0.007884939688246214,0.022945003195921045,0.0005743603820266147,0.3832187180882377,-0.6092121363657088,0.6103608571297621,0.002997559121808689,0.9977964831204111,-0.3251245274705514,0.3262732482346047,4
75,-0.008734214863560404,0.03382478869588227,-0.008159854481533793,0.4082192906124954,-0.6577278410591698,0.6414081320961023,-0.039977799526772405,0.9706225443569,-0.3553404060498511,0.3390206970867835,4
76,0.020045310994152524,0.029693282014905877,0.011885456512618728,0.4361592853270256,-0.6821412965394688,0.7059122095647062,0.054500531858250795,0.9599627971521748,-0.35725471907477646,0.38102563210001394,4
77,0.02568254469202047,0.05742009204716603,0.03756800120463921,0.4476528639694967,-0.6747476002900583,0.7498836026993367,0.1678443464943368,0.8773827052442484,-0.3482831817431753,0.4234191841524536,4
78,0.007565964689144614,0.05688624844857484,0.04513396589378382,0.48968573888789885,-0.7340653193431742,0.8243332511307419,0.1843384943016121,0.8655047532564636,-0.37260262637806707,0.4628705581656347,4
79,0.005662580904859275,0.016469491615629956,0.050796546798643094,0.4820983944387383,-0.716329580283742,0.8179226738810282,0.21073103492817363,0.8465991397269866,-0.3620083482677268,0.463601441865013,4
80,0.007484997029360122,0.011818878196770887,0.05828154382800321,0.4827567083254603,-0.7098921075526397,0.8264551952086461,0.2414530666188548,0.8247666182820615,-0.3554279389000866,0.47199102655609304,4
81,-0.003031325323524344,0.01915239904174308,0.055250218504478865,0.48485150271225874,-0.7162567182044619,0.8267571552134196,0.22790573276728734,0.8343694289930491,-0.3617149155565169,0.4722153525654746,4
82,0.006526990583858865,0.02420556443568361,0.061777209088337726,0.49757143294207057,-0.7299699751022686,0.853524393278944,0.24831493529705953,0.8199182053470568,-0.36693562477203123,0.4904900429487067,4
83,0.007466174408965358,0.05985246704744762,0.06924338349730308,0.5075388016519999,-0.7383641085554609,0.876850875550067,0.27285946718525234,0.8026657695812791,-0.36323322602130986,0.501719993015916,4
84,0.014038615767200006,0.006091298858439051,0.08328199926450308,0.5096388248950117,-0.7276670983936271,0.8942310969226333,0.3268275303855024,0.7652734892628541,-0.351344039339785,0.5179080378687911,4
85,0.0022405578667915632,0.01421464801729887,0.08552255713129464,0.5037852409574316,-0.7161121822394256,0.8871572965020149,0.3395198992680337,0.7565972723855172,-0.34487717562766007,0.5159222898902494,4
86,0.030074186787451666,0.028601326725193593,0.1155967439187463,0.5007243123967333,-0.6811673750576082,0.9123608628951008,0.461718119359688,0.6757046814420925,-0.31471957115124316,0.5459130589887358,4
87,-0.009184975196959152,0.01627597126501412,0.10641176872178715,0.493200628366052,-0.6783804900317855,0.8912040274753598,0.4315151384714322,0.6952244102589682,-0.31874388693870986,0.5315674243822841,4
88,-0.006732538934898776,0.010666913799512618,0.09967922978688837,0.49719723144810934,-0.6914725163227737,0.8908309758965505,0.4009645407580735,0.7152962548424928,-0.32830852457184834,0.5276669841456251,4
89,0.007321379112342545,0.011670967431309343,0.10700060889923091,0.508659800586181,-0.7023906426116887,0.9163918604101505,0.4207158056363924,0.7022827574426361,-0.3308763275480482,0.54487754534651,4
90,0.013874435801665032,0.01815228620422375,0.12087504470089594,0.5015628639168146,-0.6772233968688949,0.9189734862706868,0.4819935979986882,0.6627885641466409,-0.30987232483532345,0.5516224142371153,4
91,0.0057496597693997885,0.009972496314095422,0.12662470447029572,0.5074614717158864,-0.680859738397732,0.9341091473383234,0.4990515005686555,0.6520422420078722,-0.3099550511118872,0.5632044600524786,4
92,0.007650249788916155,0.04408383802133293,0.13427495425921188,0.5192421161055503,-0.6919551227146894,0.9605050312331131,0.5171959288137435,0.6407344264394643,-0.30665007666122934,0.5751999851796531,4
93,0.008118838274996602,0.01736415609566105,0.14239379253420847,0.5352908594614619,-0.7093734164384266,0.9941610015068435,0.5320240015959401,0.6315891990459315,-0.3121558432503739,0.5969434283187909,4
94,0.0029794723438213476,0.02903390529574304,0.14537326487802982,0.5326837597216095,-0.7022454666273055,0.9929919963833651,0.5458145183701661,0.6231623694145075,-0.30901617327220454,0.5997627030282642,4
95,-0.005058502779098247,0.006993363724017153,0.14031476209893157,0.5395900635520928,-0.7182934399606479,0.998922964158511,0.5200791177481917,0.6389494224701937,-0.3200450954222081,0.6006746196200712,4
96,0.016844945789538882,0.02820042162019468,0.15715970788847045,0.562682241826983,-0.7381933028870474,1.0525127186639884,0.5586090912632529,0.6154125855213433,-0.320422143976986,0.6347415597539269,4
97,0.03617133204014545,0.047820272032288495,0.1933310399286159,0.5945398142600675,-0.752714477689391,1.1393765575466228,0.6503552337171074,0.5618275375542408,-0.3045998105032623,0.6912618903604941,4
98,0.014193006801243139,0.022275849761661817,0.20752404672985902,0.6162473045524878,-0.7730629320271952,1.1881110254869132,0.6735089799072169,0.5488688824105533,-0.3096730249348014,0.7247211183945195,4
99,-0.01025598523757176,0.014134981096495986,0.19726806149228726,0.6035835209639557,-0.7631680116186489,1.1577041346032235,0.6536562203594937,0.5599659379023597,-0.3079470968537615,0.702483219838336,4
100,-6.256770664691842e-05,0.03124871549672134,0.19720549378564034,0.6276406764417003,-0.8015108821081878,1.1959218696794685,0.6284025277127117,0.5743264661094698,-0.32364316146895755,0.7180541490402382,4
101,0.009968370181665635,0.02613038441112494,0.20717386396730597,0.6523768361028591,-0.8309032618868035,1.2452509898214155,0.6351355612345538,0.5704710931237512,-0.33211529591386735,0.7464630238484793,4
102,-0.02188132481817295,0.0057484038203770085,0.18529253914913302,0.6528643065294941,-0.8535602609340663,1.2241453392323325,0.5676295588408374,0.609988802824422,-0.35357740528319526,0.7241624835814613,4
103,0.01983250432572026,0.027328488138882986,0.20512504347485327,0.677021303141418,-0.87216692891553,1.2824170158652366,0.605963335342806,0.5873140176463316,-0.35049836925995753,0.7607484562096642,4
104,-0.03578746974420288,0.04063343316850254,0.1693375737306504,0.6663316145314871,-0.8909447186490791,1.2296198661103799,0.5082681656931901,0.6462823155868842,-0.38404597252126205,0.7227211199825629,4
105,0.018527948380591353,0.02758388411185543,0.18786552211124175,0.6812083121414664,-0.8960889159403385,1.271819960162822,0.5515655600873753,0.6196707157938955,-0.3739408323822957,0.7496718766047792,4
106,-0.024408523354900066,0.019802427473758873,0.16345699875634168,0.691520890741189,-0.9369070531265562,1.2638210506392396,0.4727463795956893,0.6686603023204678,-0.40295425674691643,0.7298682542595998,4
107,-0.01763908057562402,0.0409581508482156,0.14581791818071765,0.7181253429347975,-0.9968797539960031,1.2885155903574383,0.4061071499991813,0.7118951474959232,-0.44323410847936323,0.7348699448407986,4
108,0.004682302598367331,0.0193156225339542,0.15050022077908498,0.7025343706954866,-0.9673887353982481,1.268389176956418,0.4284494170159805,0.6972239825487103,-0.42566735084989615,0.7266677924080662,4
109,0.009697756102624359,0.022163739947687985,0.16019797688170934,0.7082207320421176,-0.9667392491246706,1.2871352028880891,0.4523956151912888,0.6816944599133922,-0.41944697033045153,0.7398429240938702,4
110,0.04422608775628856,0.05072597229556477,0.2044240646379979,0.6932726326966772,-0.8987273996019268,1.3075755288779227,0.5897364326724784,0.5968378792288735,-0.3594740044009195,0.7683221336769154,4
111,0.04164859089742013,0.08195862413437689,0.24607265553541802,0.7683923247239497,-0.9766110018776284,1.4687563129484644,0.6404870210639372,0.5674206003963727,-0.36875027736783644,0.8608955884386726,4
112,0.0254569553933649,0.03665307590408303,0.2715296109287829,0.7926764872350436,-0.9897955681144334,1.5328547899719993,0.6850956608437138,0.5424710339486785,-0.35322409013531375,0.9019675081157392,4
113,0.01907948288439487,0.06933264606490598,0.29060909381317784,0.8613044401061187,-1.0799184727569073,1.661136660383263,0.6748115539201743,0.5481467347581834,-0.3848071102855152,0.9821561270734656,4
114,-0.019021917809253774,0.024778457454753544,0.271587176003924,0.8401740559700975,-1.065317234104708,1.6084915861125562,0.6465021719584971,0.5640063954746718,-0.3828248261238403,0.9542192649034693,4
115,-0.0378666574029386,0.07694578696867875,0.23372051860098547,0.7777654866350481,-1.0038779310584613,1.4713189682604322,0.6010051168821134,0.5902123995746252,-0.3549235707652403,0.8940380404703432,4
116,0.026270953948283604,0.05198407770982629,0.259991472549269,0.8276344331692976,-1.0569595994333345,1.5769425445318723,0.6282761135340201,0.5743990360496685,-0.3636306447110425,0.9667510793102911,4
117,-0.016755331240510537,0.06028426143845139,0.24323614130875854,0.8775391724878642,-1.1531245073041043,1.6395967899216213,0.5543596204809247,0.617979172688784,-0.41649484505352696,0.9940735593594698,4
118,0.027403410126925487,0.020486865094814406,0.2706395514356841,0.8935124160146884,-1.1511380920998482,1.6924171949712163,0.60578800380371,0.5874163337047553,-0.3956748888035897,1.0426268143832678,4
119,0.03182089894257845,0.051733761186156704,0.30246045037826247,0.9416194829259812,-1.1958662718322097,1.8007871725887346,0.6424260667130616,0.5663183055149159,-0.39314903275148416,1.1238959634003156,4
120,-0.012425395507722144,0.013432519493907287,0.29003505487054027,0.9404424317081705,-1.2064187161903064,1.7864888259313867,0.6168055483071637,0.581012099549571,-0.40083072861072183,1.1163394741658885,4
121,0.0062200135471467445,0.01262363050311327,0.29625506841768706,0.9453206182834183,-1.2079609860646003,1.8004711228999744,0.626782200002468,0.5752571536081718,-0.40048660620056376,1.1230075794631882,4
122,0.007159622785895994,0.01324636633411727,0.3034146912035831,0.9567382449466901,-1.2189693551735235,1.8257987375806897,0.6342689712806234,0.5709662249117454,-0.4027351452505341,1.1394060992059052,4
123,0.02314953850460688,0.015075290509980226,0.32656422970818993,0.9627422960306432,-1.2053736017633472,1.858502061179727,0.6784042439074386,0.5461587530286571,-0.3796172979349972,1.1725948958837653,4
124,0.014925643644941759,0.04571207718531178,0.34148987335313175,1.0076168515843906,-1.2618533898800413,1.9448331365863047,0.6778169158567929,0.5464833632781078,-0.39416328839015513,1.230773688960003,4
125,0.036423946791352635,0.050333689411491446,0.3779138201444843,1.0376243779235814,-1.2731781137531195,2.029005754042088,0.7284212441128995,0.5190655847260905,-0.3666141398474788,1.3050473204402344,4
126,0.03722749726358655,0.07188031797529944,0.4151413174080709,1.1080045919944617,-1.3479412426070074,2.1782238774231493,0.7493494528949497,0.5080537982485498,-0.3788567022811732,1.4037634412289817,4
127,0.0024962841576255984,0.008188757637743951,0.4176376015656964,1.1126640265634826,-1.3528591586138279,2.1881343617452207,0.7506984886634479,0.5073505689591143,-0.38295119279538503,1.406629146265292,4
128,0.009949097958373735,0.029768527747764787,0.42758669952407025,1.140642826289206,-1.3874305745621547,2.2426039736102954,0.7497293450134882,0.5078556861700442,-0.39464115935364386,1.4414455731760365,4
129,-0.015150533043160826,0.030524150833287526,0.4124361664809094,1.1515369502751727,-1.4199160899195364,2.2447884228813555,0.7163229393244449,0.5255188797839917,-0.4207294619406404,1.436495224558603,4
130,0.045383874230660155,0.07482895044832746,0.45782004071156956,1.218481748578895,-1.4810563286986986,2.3966964101218378,0.751459824893596,0.5069540500650574,-0.4074183077806336,1.5608577879101855,4
131,0.030668686103044854,0.056657075665222066,0.4884887268146144,1.2731333742745583,-1.5373505747321095,2.5143280283613385,0.7673802865987379,0.4987206751458584,-0.41094194980528265,1.6444495145179,4
132,0.05053733543372963,0.10481982669009755,0.539026062248344,1.3695134234528799,-1.6401754050036859,2.718227529500374,0.7871789396402218,0.4886370034085131,-0.4068984606536432,1.8034088789881477,4
133,-0.10035379215158657,0.16734850417449523,0.4386722700967576,1.2072042834858747,-1.4822591357543864,2.3596036759479015,0.7267573120765694,0.519949334310192,-0.410218964877898,1.5411391352171417,4
134,-0.18048776395382637,0.32535698955588566,0.2581845061429311,0.9207550951312528,-1.206942319142871,1.7233113314287332,0.5608103772830649,0.6140859443637688,-0.4438424775485529,1.0319069066515583,4
135,0.0712201176881021,0.1359882703676799,0.32940462383103325,1.0305423947324794,-1.3104182944462686,1.9692275421083352,0.6392839838802441,0.5681053022612355,-0.424746424306946,1.238886203751462,4
136,-0.03847387220194919,0.10329836697239722,0.290930751629084,0.9573510657656057,-1.232428429423502,1.81428993268167,0.6077827915643944,0.5862530225730231,-0.4336932225714978,1.103535969536583,4
137,-0.005538350143069577,0.00835940457232444,0.28539240148601447,0.9544175358796619,-1.2332988788930908,1.8040836818651198,0.5980451757374212,0.5919475762961726,-0.43880862665696063,1.092885336746094,4
138,-0.062395323064673984,0.10083004766147462,0.22299707842134053,0.877000425091982,-1.1725063028617688,1.6185004597044501,0.5085449722511869,0.6461098354884645,-0.4608124432619494,0.9320763505997272,4
139,-0.031311048400916586,0.043123036179160246,0.1916860300204239,0.8568238420351051,-1.1717119051613818,1.5550839652022297,0.4474339312620815,0.6848952948293997,-0.48319660733209646,0.8668735993933996,4
140,0.06435741168202369,0.140707944002367,0.2560434417024475,0.9746195706602842,-1.2947937841500599,1.806880667554955,0.5254223276657239,0.6356500548480402,-0.4894777879068637,1.0702353911953884,4
141,0.05235489283275364,0.09289905028978997,0.3083983345352012,1.0573857776456905,-1.3741383961288327,1.9909350651992352,0.5833222671518464,0.6006327321913989,-0.487982052958146,1.2119628477199034,4
142,0.025534471465392786,0.03476181905493091,0.33393280600059405,1.0776280657528599,-1.3808139221620146,2.048679534163203,0.619755213534272,0.5793062215802071,-0.470277811902661,1.2650548448249026,4
143,0.015444102782056327,0.0365364366143524,0.3493769087826504,1.1062674419794816,-1.4109414579089794,2.10969527547428,0.6316319101961431,0.5724748952044916,-0.4674932714818706,1.3165171042102375,4
144,-0.01637455478979721,0.034689331101355636,0.33300235399285305,1.0764922841682811,-1.3799370922160297,2.045941800201736,0.6186804288154042,0.5799273750306932,-0.46564315861996897,1.2697538272876912,4
145,0.014119156644159084,0.016182538654584386,0.34712151063701224,1.0882793177212553,-1.3845737362623294,2.078816757536354,0.6379272397895954,0.5688782272809517,-0.45564747159437125,1.3001545700455135,4
146,0.042963361346983864,0.03941924301495762,0.3900848719839961,1.1193866745328174,-1.3911091212913944,2.1712788652593864,0.6969617932012642,0.5359792923465118,-0.4268072521854725,1.3808869094013736,4
147,0.016288079200159292,0.04333898360478362,0.4063729511841554,1.1619717367702962,-1.4425833790802056,2.2553292814485166,0.6994541060244205,0.5346235801324619,-0.44026516531465176,1.4359912474122805,4
148,-0.02189725486512983,0.021666706153907183,0.38447569631902556,1.1432688216249312,-1.4347201223441348,2.2036715149821857,0.6725901888456456,0.5493787021804215,-0.4499029444709589,1.3965182987823554,4
149,-0.016456676533523115,0.01845558565514137,0.36801901978550244,1.1362907633668313,-1.4400731510168856,2.1761111905878905,0.6477550142096755,0.5632972305643447,-0.46873349396074504,1.364648646129239,4
150,-0.0002067168498166537,0.045808975855716666,0.3678123029356858,1.0957411746050818,-1.3757564233989004,2.111381029270272,0.671348875920903,0.550068063135053,-0.4484537532648738,1.316347990590276,4
151,0.020697749919044276,0.01785345340205859,0.38851005285473006,1.1100987855300306,-1.3779048364002584,2.1549249421097185,0.6999558200025073,0.534350996276109,-0.4365488710763762,1.3515416281296864,4
152,0.023551479140556334,0.02245731119252548,0.4120615319952864,1.130820824266948,-1.3873267450678264,2.211449809058399,0.7287830629797685,0.5188735755678998,-0.428391175476036,1.3924544563607637,4
153,-0.00447951646820399,0.01594785150617071,0.4075820155270824,1.1185120675439801,-1.372220282858208,2.1873843139123728,0.7287932376483836,0.5188681769284046,-0.4278388463465628,1.3719083900946596,4
154,-0.04223425083087628,0.09497101053635491,0.3653477646962061,1.0379051687208476,-1.2861909700190561,2.0168864994114686,0.7040099147911059,0.5321524105837201,-0.428143012960297,1.2339590946535361,4
155,-0.026747790484195618,0.04392888143582269,0.33859997421201043,0.9984543886304887,-1.2501637658336906,1.9273637142577116,0.6782482566408361,0.5462449510297631,-0.4317107272481774,1.1628821841636494,4
156,-0.02173825991709288,0.045104019911046594,0.3168617142949176,0.9612444566293225,-1.2126927204422988,1.8464161490321338,0.6592739487019099,0.5568085735430623,-0.43169275405317176,1.0982304441844573,4
157,0.037590926522214414,0.0651559589014364,0.354452640817132,1.017804825389848,-1.2651019622137936,1.9740072438480576,0.6965041469151351,0.5362285264741152,-0.428690646413314,1.1981424554791111,4
158,-0.0012374593832306076,0.023173332278281437,0.3532151814339014,1.0369836766776206,-1.296857253807203,2.0032876166750055,0.6812357597866212,0.5445959008755576,-0.4395177605788607,1.221291738151725,4
159,-0.0020116677776994525,0.026955256304116142,0.3512035136562019,1.0133860439378863,-1.2613198220218977,1.9637268493343016,0.6931287750746413,0.5380695698269407,-0.4277631605687314,1.1923844330662812,4
160,-0.0009263481070126392,0.01849858565097727,0.3502771655491893,0.9999078008791109,-1.2407992777168526,1.9413536088152314,0.7006189275475767,0.5339908947431986,-0.4229554334921014,1.172609007067063,4
161,0.013060814361475107,0.013277216908078017,0.3633379799106644,1.012049936521773,-1.2470593107124992,1.973735270533828,0.7180238183886248,0.524607753747747,-0.42093060041179053,1.192878436940307,4
162,-0.002228623796834857,0.012675975560501722,0.36110935611382955,1.0102306491143627,-1.2463930422653533,1.9686117544930122,0.7149047723515471,0.5262795297099631,-0.426013365943658,1.1816645795045524,4
163,0.02049766277214171,0.04979747256625426,0.38160701888597126,1.0501818384770323,-1.2894666369826702,2.0526806747546127,0.7267446548863873,0.5199560614591024,-0.44541157826592614,1.2179078339948057,4
164,-0.012237065393337573,0.02878282486314319,0.3693699534926337,1.0533757113515696,-1.3067858668405665,2.0455257738258337,0.7013071395365685,0.5336173628728292,-0.46414786822182996,1.2028877752070972,4
165,0.005767366264175625,0.02244194155598283,0.3751373197568093,1.0444478947014082,-1.2868123520201125,2.037086991533731,0.7183456860986931,0.5244354781676096,-0.44776165868803597,1.2022890248641267,4
166,0.0133325975287969,0.013229399214857546,0.3884699172856062,1.0454695603884525,-1.2751054525868004,2.0520452871580126,0.7431491685731474,0.5112961727069982,-0.43406408050626233,1.2167583938320643,4
167,-0.0030781330427142014,0.059946747568202,0.385391784242892,0.9939736047519758,-1.196242028753335,1.967025597239119,0.7754567775249083,0.49458643214073783,-0.39596790256987197,1.1682226090144856,4
168,-0.0030571482873497056,0.017329810611057154,0.3823346359555423,1.0064250164595767,-1.219112151632895,1.9837814235439795,0.7597876239216056,0.5026333864655219,-0.4112644398769635,1.175933711788048,4
169,0.021359951889515005,0.023570521230501015,0.4036945878450573,1.0245800096375304,-1.2266408452241948,2.0340300209143094,0.7880196452161387,0.48821263428820477,-0.4094815931244701,1.2168707688145846,4
170,-0.0020985724775021107,0.022384095743536277,0.4015960153675552,1.035917382543357,-1.2467797079595826,2.049971738694693,0.7753437139582835,0.49464411001087566,-0.41388114483244043,1.2190360596260978,4
171,0.01413665140689269,0.01586646625847026,0.41573266677444787,1.0382951523657378,-1.2364266189457154,2.067891952494611,0.8007986280725824,0.4818003113377761,-0.399430937726432,1.2360898985183506,4
172,0.0013440393028015833,0.03396239520473451,0.41707670607724945,1.033497839979376,-1.2274489851032793,2.0616023972577784,0.8071167445992388,0.4786564494220613,-0.3908798053685263,1.231446876581962,4
173,-0.00045113360541459546,0.013338491711176756,0.41662557247183485,1.039772749898319,-1.237884900652458,2.071136045596128,0.8013781328902443,0.4815112230075524,-0.40021063643101923,1.233461781374689,4
174,0.00591401456719887,0.019064114428008826,0.4225395870390337,1.0320933261634546,-1.2197512092393956,2.0648303833174633,0.8188011225878526,0.47288849841802066,-0.390627364234735,1.2357065383128025,4
175,0.0019356908916138321,0.010590495601120846,0.42447527793064754,1.0313978739521805,-1.2167088986876466,2.0656594545489417,0.8231067537576247,0.47077812773355565,-0.38504959693695934,1.2364227112936828,4
176,0.023021601068601405,0.0216708963253113,0.44749687899924895,1.048544778189946,-1.2209718486383103,2.115965606636808,0.8535579754099619,0.45608418118757776,-0.37493262896187707,1.270371442463314,4
177,0.025917919221797425,0.017474827921869607,0.4734147982210464,1.0454520695783314,-1.1901327398693369,2.13696233631143,0.9056652370720194,0.43187591595755087,-0.3458773893493827,1.2996547621221775,4
178,0.032132631436843195,0.04561000022440005,0.5055474296578896,1.0501989916764483,-1.1655535207788046,2.1766483800945835,0.9627650257993043,0.40668712940014656,-0.33058631181685444,1.3416811711326337,4
179,0.01943987131287306,0.03474550303012619,0.5249873009707626,1.0374690325760942,-1.1258574438132642,2.1758320457547895,1.0120539206210126,0.3860479419229549,-0.2926895265592254,1.3426641285007508,4
180,-0.047618689375058414,0.042863042089803016,0.4773686115957043,1.0396300764539987,-1.1769148362407191,2.1316520594321275,0.9183432115083231,0.42616312842956555,-0.3494149542521267,1.3041521774435352,4
181,-0.017320882925811458,0.0714294289601585,0.46004772866989274,1.0621963922974913,-1.2301437634065246,2.15023922074631,0.8662197160636681,0.45009344637856663,-0.40368922347197267,1.3237846808117584,4
182,0.0075125332653686065,0.017709886427884475,0.46756026193526146,1.0727214294283909,-1.2393789129062587,2.174499436776782,0.871727270675305,0.4475093752377722,-0.40044663569339467,1.3355671595639176,4
183,-0.006022578712096768,0.016836319497929155,0.4615376832231647,1.058255063841425,-1.222382275761794,2.145457642208123,0.8722617051276859,0.4472593267241523,-0.3969628758502844,1.3200382422966137,4
184,-0.0033892465987422865,0.024540790168440425,0.4581484366244224,1.0774580066488604,-1.2563276895545847,2.1726245628034295,0.8504246732536116,0.45757743776057835,-0.4198092836185884,1.3361061568674333,4
185,0.011818652396408894,0.01925208997446206,0.4699670890208313,1.084633913823709,-1.255927506796004,2.1958616848376664,0.8665911751994458,0.44991874834239814,-0.41778352822149756,1.35771770626316,4
186,-0.053446516420506344,0.06998057946917217,0.41652057260032493,1.1041996028008059,-1.340507400514256,2.173548545714906,0.7544298540659119,0.5054096332364146,-0.5018955837421291,1.334936728942779,4
187,0.00936350069689296,0.021037525589390142,0.4258840732972179,1.0874399316214405,-1.3044755230060927,2.1562436696005283,0.7832783419350774,0.4906099987097672,-0.4755925195291959,1.327360666123632,4
188,-0.009123444197859262,0.02162247712468762,0.4167606290993586,1.0813230117957267,-1.303865582754422,2.1373868409531394,0.7708346618967342,0.4969489211800862,-0.47868313652432853,1.3122043947230457,4
189,0.010062498060432582,0.026313196989873475,0.4268231271597912,1.0924706867288114,-1.3115415231456393,2.1651877774652215,0.7813905349494166,0.4915672870374411,-0.4835820651358197,1.3372283194554022,4
190,0.011264294102396714,0.03369298271312594,0.4380874212621879,1.0909198837568503,-1.2978095554490723,2.173984397973448,0.8031523263716238,0.48062707583011405,-0.47774847927386266,1.3539233217982387,4
191,-0.009088639505286818,0.046922012432684936,0.4289987817569012,1.0542448437041094,-1.2485400220983702,2.1065375856121724,0.8138503770141399,0.4753251075682277,-0.46089783783886884,1.318895401352671,4
192,0.027026247334084433,0.04222106168063324,0.45602502909098563,1.0201561411857396,-1.1672710420735353,2.0793211002555063,0.8940298659790301,0.4371796965718856,-0.40197282160229825,1.3140228797842695,4
193,-0.018109176463709464,0.05656036365284081,0.43791585262727617,1.0087311214091093,-1.1672004625492793,2.0430321678038315,0.868250901222411,0.4491389079919533,-0.41810035335329887,1.2939320586078513,4
194,0.005090384368520719,0.028504069139994447,0.4430062369957969,1.030642231707127,-1.1969755441870538,2.0829880181786478,0.8596702587318078,0.4531835243319934,-0.4282819898021798,1.3142944637937735,4
195,-0.0027611815793028263,0.01952924040346067,0.44024505541649406,1.0435585273131696,-1.2202894343810577,2.1007795452140456,0.8437381208507484,0.460778406847639,-0.4401065636780035,1.3205966745109916,4
196,0.0022768854928151318,0.016480509681861082,0.4425219409093092,1.0362814509380383,-1.2064330964765908,2.091476978295209,0.8540574387561215,0.45584654436031635,-0.4298072278871352,1.3148511097057538,4
197,-0.004051933025992158,0.0377400444881816,0.43847000788331714,1.0354650449146814,-1.209185945336261,2.0861259611028955,0.8469045093056627,0.4592601698563491,-0.43640749088536657,1.3133475066520008,4
198,-0.021420694466527942,0.008444518398540364,0.4170493134167892,1.0286683705869641,-1.2197916142515588,2.053890241085137,0.8108527983198676,0.47680564907041034,-0.45198917364108665,1.286087800474665,4
199,-0.025099055555462768,0.04578452225406575,0.39195025786132653,1.0093423080437718,-1.2141385916388892,1.9980391073615422,0.7766448601980707,0.4939806872106982,-0.4597211351352285,1.2436216508578815,4
200,0.021379997316155367,0.04048928433359088,0.4133302551774819,0.9783942169559084,-1.1435132752536568,1.9701737856086203,0.8449155729139162,0.46021332470498194,-0.4156758947112566,1.2423364050662205,4
201,0.014779130425953583,0.016546945394395718,0.4281093856034355,0.9828195858019255,-1.1357758941944656,1.9919946654013365,0.8711861094101463,0.4477626973714862,-0.4051833407787495,1.2614021119856205,4
202,0.018504363243386227,0.01893494334379259,0.4466137488468217,1.0009957716968976,-1.146193898773881,2.0394213964675245,0.892338931841276,0.4379553352785487,-0.4023950377400769,1.2956225354337203,4
203,0.020435345280201193,0.04098775400036152,0.467049094127023,1.022630678601355,-1.1601845182653037,2.0942827065193494,0.9134267216895993,0.4283703507075556,-0.4042152163805646,1.3383134046346106,4
204,-0.010460125021699684,0.03877852882008813,0.4565889691053232,0.9893747931836089,-1.117727108448681,2.0309050466593277,0.9229848430565162,0.4240887979960286,-0.3875290577427347,1.3007069959533815,4
205,0.02850063443979634,0.04627888204646534,0.48508960354511965,0.958926921016596,-1.0407771148680545,2.0109563219582935,1.0117342477586448,0.3861785581141161,-0.33738758863373597,1.3075667957239752,4
206,0.006081482587993239,0.029219938499416724,0.4911710861331129,0.9487721602062549,-1.018537141769106,2.000879314035332,1.035382585480452,0.37662890578941816,-0.32120013001930214,1.303542302285528,4
207,0.0007510541008516362,0.027916180665359155,0.4919221402339645,0.9274040789870347,-0.9837847021046996,1.9676289825726285,1.060858263145167,0.3665951649388636,-0.3007366534963727,1.2845809339643017,4
208,5.479663106145241e-05,0.03134564777854285,0.4919769368650261,0.938122414864189,-1.0007851696791579,1.9847390434092103,1.0488544545356568,0.37129036333676674,-0.30833390401299804,1.29228777774305,4
209,0.009030170725542356,0.023671441979006013,0.5010071075905684,0.9210850836649198,-0.9646448030901109,1.9666590182712478,1.0878628184860044,0.3562425006770288,-0.2869207945775575,1.2889350097586942,4
210,0.0005261111836713001,0.010711141350279696,0.5015332187742397,0.9208507489146371,-0.9637458130263213,1.966812250574801,1.0892823171732726,0.3557062867097661,-0.28470532415922334,1.287771761707703,4
211,-0.026967743106485087,0.012821725433404785,0.47456547566775464,0.9104441991805129,-0.974154413256749,1.9232853645922583,1.0424921727106595,0.37380242346438414,-0.3028028102798881,1.2519337616153974,4
212,-0.0112327982908863,0.040547822461476125,0.46333267737686834,0.8885568791560039,-0.9505596011753549,1.8772249559290914,1.0428880542052976,0.37364563833948894,-0.2963123084607797,1.2229776632145164,4
213,0.0032920210100314574,0.020274791036377655,0.4666246983868999,0.8693715549144804,-0.9167394480412702,1.84998884481507,1.0734758820877262,0.36172198129268596,-0.2757175465283719,1.2089669433021717,4
214,0.0013484154328750092,0.011880924480131137,0.4679731138197749,0.862484647235722,-0.9044324256598479,1.8403786532993978,1.0851743629747768,0.3572602334985842,-0.2693484414926138,1.2052946691321638,4
215,-0.011315271666913922,0.060455823092633816,0.4566578421528611,0.8590116276266783,-0.9102213481152721,1.8235370324209943,1.0632169052578229,0.3656793857675427,-0.2832842518625921,1.1965999361683142,4
216,0.01698156157120845,0.015674997002942507,0.47363940372406954,0.8732899634112081,-0.9159598050256023,1.8632386124737415,1.0847242578489267,0.35743090189058024,-0.27851413964461397,1.2257929470927529,4
217,-0.03310051678829417,0.07035745816181559,0.44053888693577536,0.8398417946396304,-0.8958368212510897,1.7769145951226404,1.0490996988898538,0.3711938586188633,-0.2798236597937249,1.1609014336652757,4
218,0.00531771050285779,0.01754927757255896,0.44585659743863315,0.8539016102641215,-0.9128914148917978,1.804604609769064,1.0442809618328852,0.37309449376137277,-0.28768728431562396,1.1794004791928905,4
219,-0.0340601075027459,0.11247094680612803,0.41179648993588736,0.8636196440453314,-0.9624150827453605,1.7860080626171353,0.9536524389532579,0.41061420344006844,-0.3165078099984662,1.1401007898702409,4
220,0.011553490460470942,0.03887332467612538,0.4233499803963582,0.8896515948441817,-0.9922842351044537,1.83898419589717,0.9517208373475821,0.41145112885076757,-0.321361492497645,1.1680614532903615,4
221,0.0396085719323106,0.046423395022090794,0.4629585523286689,0.9039388346892754,-0.9754098500010034,1.9013269546583413,1.0243138906357723,0.38107022440165506,-0.3025247481640402,1.228441852821378,4
222,0.011712041601246507,0.017053644273594938,0.4746705939299154,0.9138040370492159,-0.9793955468003914,1.9287367346602222,1.0388892468951754,0.3752322415737164,-0.29654322521723686,1.2458844130770677,4
223,0.006334797493223857,0.014554671647735256,0.48100539142313936,0.9006304143648081,-0.9520985758875697,1.9141093587338485,1.068152671176179,0.36377018270643396,-0.27946918971130885,1.2414799725575874,4
224,0.022287172626462078,0.07631991506009034,0.5032925640496014,0.9267746555242466,-0.9714127251022585,1.9779978532014613,1.0861163737044686,0.35690330528001796,-0.28768114685403773,1.2942662749532405,4
225,0.013367519310356072,0.024473537181229427,0.5166600833599575,0.9447256106796513,-0.986609181247218,2.0199293479671327,1.0937780822693346,0.35401323692575903,-0.2890791168612651,1.32239928358118,4
226,0.004498767702576627,0.02858419823337682,0.5211588510625341,0.9447025662968317,-0.9820737447891604,2.024391446914229,1.1033289622689193,0.35044273974905676,-0.284198054788113,1.3265157569131811,4
227,0.016643768340565693,0.016083527993451197,0.5378026194030998,0.9491699829973972,-0.9725386333350334,2.048143872141233,1.1332061254292205,0.33950170512159245,-0.26898767471170837,1.344592913517908,4
228,0.011885959028562824,0.0277435641559373,0.5496885784316626,0.948974689177536,-0.9603419182587397,2.059719075122065,1.1584894406574122,0.33050916078463954,-0.25574690989311133,1.3551240667564366,4
229,0.03394817062630595,0.03910189263713622,0.5836367490579686,0.9785983739936575,-0.9735316407784109,2.140805138894348,1.1928013873069265,0.3186874102517901,-0.24230500463845053,1.4095785027543877,4
230,-0.004586081740123646,0.021635190339830794,0.5790506673178449,0.9636338750192323,-0.954305865282744,2.112407199918434,1.2018063754894217,0.3156564809981413,-0.23468849819087997,1.39278983282657,4
231,-0.0018619772042199863,0.0246021871474981,0.577188690113625,0.9791319593277095,-0.9808287530602084,2.1352061332874586,1.178980390978012,0.32339695323752277,-0.24944231598448596,1.403819696211736,4
232,-0.006391035960182309,0.04138631498162523,0.5707976541534426,0.9621613558515809,-0.9602157718548706,2.101811080161756,1.1864905001266577,0.320829170983262,-0.23479681259666502,1.3763921209035503,4
233,0.008464814215714992,0.03986464024155119,0.5792624683691577,0.9967431724558278,-1.0067783448802476,2.165303281618563,1.1623103812026938,0.32917109478455076,-0.25078339345476874,1.4093083301930842,4
234,-0.008337160416095665,0.010142972952620713,0.5709253079530622,0.9990738170568274,-1.0188240809460334,2.160674696852158,1.1429091588746698,0.33602202720556645,-0.2589770498048509,1.4008276657109753,4
235,0.022857253060260988,0.01506946376172469,0.5937825610133232,0.9861269032483255,-0.9753653988784259,2.162930520905072,1.2042721054610501,0.3148316896638608,-0.22472943558092448,1.4122945576075707,4
236,0.023703679086615973,0.04995507624389685,0.6174862400999391,1.020843440557603,-1.006903477737887,2.241875957937765,1.209756982447097,0.3130048657870901,-0.22096704141448054,1.4559395216143587,4
237,0.017292495255703536,0.007606610696287605,0.6347787353556427,1.025884526243399,-0.9976324747398735,2.267189945451159,1.2375247293768743,0.3039216026676301,-0.20624288544435426,1.4758003561556396,4
238,-0.010650000386226762,0.019030618525638605,0.6241287349694159,1.0229233908388762,-1.003570647912316,2.2518281178511477,1.2202844133959674,0.30952884328132024,-0.21944630908316842,1.4677037790220002,4
239,0.027717028472688754,0.023695626477802975,0.6518457634421047,1.0383895187034047,-1.0004636801793843,2.3041552070635936,1.2554937269706619,0.29818867935262017,-0.20275854032863544,1.5064500672128447,4
240,0.022240751741008927,0.040304933038151795,0.6740865151831136,1.0646799941653726,-1.0200569416874212,2.3682299720536486,1.2662706519841123,0.29480416163957873,-0.196262478539878,1.544435508906105,4
241,0.0015974374150326013,0.04910393534298685,0.6756839525981462,1.0986039324758727,-1.0724400603408504,2.4238079655371427,1.2300774330479385,0.30633083955568274,-0.21723369302174123,1.5686015982180335,4
242,-0.014010649188237797,0.0614963656168759,0.6616733034099083,1.1534684870847745,-1.173752459082156,2.4970990659019723,1.1472759088238158,0.3344676843871806,-0.284052849904745,1.6073994567245615,4
243,-0.0014384890027262492,0.02676014200411308,0.660234814407182,1.1536889222728266,-1.1755417096597678,2.496011338474132,1.1445629782185747,0.33543250242727607,-0.2837092240160157,1.6041788528303798,4
244,-0.021145706639610237,0.04407451153628521,0.6390891077675718,1.1546373444895162,-1.1981965676890545,2.4763747832241982,1.1069953883227697,0.3490815285992651,-0.31722090246484114,1.5953991179999847,4
245,-0.004595203076275807,0.05136317695796509,0.6344939046912959,1.1220565004278453,-1.150948377361786,2.4199361867443776,1.130948226670155,0.3403165681390816,-0.2970998726805288,1.5660876820631207,4
246,-0.011039910396548499,0.03408181321322704,0.6234539942947473,1.1054959129531137,-1.1356366975471905,2.3825446861366855,1.1279173210678153,0.34141346719118976,-0.2904329385531609,1.5373409271426557,4
247,0.02167819038254926,0.04978110722042823,0.6451321846772966,1.1396621191594147,-1.1683245655180434,2.458588934872637,1.1321464034500495,0.3398839105311095,-0.28885173044110685,1.5791160997957001,4
248,0.019272980856701708,0.026700327088949077,0.6644051655339983,1.1449367430582604,-1.157444688330663,2.48625501939866,1.1605971588601378,0.3297703778119308,-0.2711722040732387,1.5999825351412353,4
249,-0.011435562194992973,0.03329194015725386,0.6529696033390053,1.119518428352237,-1.1284340396642947,2.4343732463423056,1.1665187223404236,0.32770367246996646,-0.26595759291922993,1.5718967995972406,4
250,-0.030195983059071337,0.03536672308347621,0.622773620279934,1.1433762136439083,-1.1965930830502316,2.4421403236101,1.0893590628322969,0.3556773186890031,-0.3226965614803681,1.5682438020402363,4
251,-0.030035454332708485,0.04282429344812153,0.5927381659472255,1.1682588082724037,-1.2662222980536038,2.451698629948055,1.0147377648686495,0.3849529968215631,-0.37909374184887057,1.5645700737433217,4
252,-0.020271018825026018,0.056420526790283365,0.5724671471221996,1.1971750272929282,-1.3325054740709512,2.4774397683153504,0.9563633287885593,0.4094422851355026,-0.42688958337786587,1.5718238776222648,4
253,-0.006365319554663903,0.035659334117277106,0.5661018275675357,1.1801113774015939,-1.3117187188499493,2.4439223739850204,0.9594040671211838,0.4081314623601982,-0.41393797644527175,1.5461416315803431,4
254,-0.008470447839364122,0.01680753965610602,0.5576313797281717,1.173300965241164,-1.3093522811806033,2.424615040636947,0.9505342554858538,0.41196603362109063,-0.413481929839832,1.5287446892961754,4
255,-0.013175932044020008,0.08809151801119323,0.5444554476841517,1.1063508548061012,-1.2159956474284226,2.3049065427967257,0.9842365020445034,0.3975718807033242,-0.3760167099262109,1.4649276052945142,4
256,0.0008250526560370551,0.058089384274666665,0.5452805003401887,1.1459738447927619,-1.2782196138160562,2.368780614496434,0.9516456292923463,0.4114837469296572,-0.40956660553034385,1.5001276062107212,4
257,-0.0009973276871139093,0.020464096456218363,0.5442831726530748,1.1339190698594128,-1.2600351045293385,2.3486014498354884,0.960003561313343,0.40787348812080143,-0.40413188417924045,1.49269822948539,4
258,-0.015990735293661348,0.06020340591001461,0.5282924373594134,1.1643058528347503,-1.3243779924276602,2.3809628671464873,0.9074805148031733,0.4310537068512936,-0.45266837362322,1.5092532483420469,4
259,0.007873133585642459,0.012785210848727552,0.5361655709450559,1.1609213193300885,-1.3111193107685077,2.3834504526586198,0.9236897660807041,0.42377457589305817,-0.4413603512278317,1.5136914931179435,4
260,-0.0017479826979479546,0.00976692139477373,0.5344175882471079,1.1616860763859806,-1.3140841925999376,2.3829193690941537,0.9200722968285675,0.42538932855648093,-0.44178572670355776,1.5106209031977738,4
261,0.011359733787713048,0.060255864190154516,0.545777322034821,1.1075534706149186,-1.2165874031964767,2.3081420472661187,0.9855548043776216,0.3970185028583801,-0.38572890304956087,1.477283547119203,4
262,0.012961578936836141,0.06307599549686099,0.5587389009716571,1.163550092071277,-1.2927289447907193,2.410206746734034,0.9604036900156591,0.40770138905159314,-0.4135249373336365,1.5310027392769507,4
263,-0.003317683193449712,0.022154729562033886,0.5554212177782074,1.1828578271134913,-1.3267695430084152,2.43761197856483,0.9391174578158608,0.41695070188980804,-0.4304803323073594,1.5413227678637744,4
264,-0.0003582836839229851,0.025583959953990085,0.5550629340942845,1.2006565770011541,-1.3554496096016688,2.465575477790238,0.9245989981259245,0.423369595810856,-0.44817225683031553,1.5582981250188845,4
265,0.008694424434147256,0.028497448839884733,0.5637573585284317,1.1778785149382272,-1.3105102054406792,2.4380249224975428,0.957241941980744,0.4090631258990068,-0.4223941118165987,1.5499088288734622,4
266,0.01701128251736173,0.022480503154958826,0.5807686410457935,1.1922039228484431,-1.3162938436610916,2.4778311257526786,0.9742773529182939,0.4017758188008597,-0.4199637364559109,1.581501018547498,4
267,0.007575110060317529,0.034080684563094946,0.588343751106111,1.2138416716518163,-1.3431492204677502,2.519836722679972,0.9693912556247684,0.4038534993222165,-0.4262276342569349,1.602915136469157,4
268,0.024351380479699647,0.04059166464445223,0.6126951315858107,1.2223270662734993,-1.3322999963693751,2.5576902595409967,1.002506037035947,0.3899672788646196,-0.3994621087500647,1.624852371921686,4
269,0.0018081806828257373,0.015056426561739604,0.6145033122686365,1.2130292750875207,-1.3156969550829907,2.544703579620264,1.0131714458817158,0.3855916585608453,-0.39287051730604544,1.6218771418433184,4
270,0.024083092963641195,0.02287306068792786,0.6385864052322777,1.2231471412933566,-1.307713645081408,2.5848864555459636,1.044169394954455,0.37313860958602857,-0.37981908730885217,1.6569918977734075,4
271,0.01191831744401151,0.028528644940782714,0.6505047226762892,1.2231077029175947,-1.295732572380782,2.5967420177333604,1.0636916456736862,0.3654953291286006,-0.3613913628403732,1.6624008081929516,4
272,0.018227093094333457,0.027776850714774457,0.6687318157706226,1.2168786035665125,-1.2675935921789,2.605057223720145,1.0990937202949527,0.35202164588161144,-0.34465550696062874,1.682119138501874,4
273,0.04271592045390793,0.09188858449456985,0.7114477362245305,1.286996932512693,-1.3364515801687125,2.7593470526177732,1.1055935227996572,0.3496013734080193,-0.348383346788087,1.771278819237148,4
274,-0.003687784984516604,0.021944642592457785,0.7077599512400139,1.2965164739214334,-1.3552870798453494,2.770806982325377,1.0917870547364952,0.35476205528012567,-0.3580019082577304,1.7735218107377582,4
275,0.005153963111021456,0.03375465794239075,0.7129139143510352,1.2900418331443095,-1.3398305184247294,2.7656583471268,1.105257048313542,0.3497262597285941,-0.3554094495559175,1.7812372782579882,4
276,0.032593942731164005,0.02756712243076804,0.7455078570821992,1.308198730558776,-1.3361282512396073,2.827143965404006,1.1397471036587348,0.33715206665509373,-0.33599073737713503,1.8270064515415336,4
277,-0.00763415554767077,0.01835566427856053,0.7378737015345285,1.3171473411453114,-1.3580016431365494,2.8337490462056065,1.1204117845964268,0.3441449083329902,-0.35364088972427815,1.8293882927933351,4
278,-0.01141430464287951,0.01635785397578717,0.726459396891649,1.3240855619501406,-1.3804562053622145,2.8333749991455126,1.097299778454958,0.35269254065390543,-0.3723525876641949,1.8252713814474928,4
279,0.005332341171454872,0.01885035651956024,0.7317917380631038,1.3337293672802255,-1.3904693105115618,2.8540527866377694,1.097361662741808,0.35266937635584356,-0.3720810182804777,1.8356644944066853,4
280,-0.01771543938507036,0.02469844832438964,0.7140762986780335,1.3219719709626203,-1.3894761086612726,2.8176287060173393,1.080319877218069,0.3591051463383412,-0.37457457598688887,1.8027271733429557,4
281,-0.003833795395476676,0.02203195614799298,0.7102425032825568,1.3422907607965435,-1.4256416328741517,2.846126639439265,1.0582543276407326,0.36760876670011045,-0.3928313431101388,1.8133163496752522,4
282,0.004437038310826427,0.04367795431074313,0.7146795415933832,1.360796613677132,-1.4506515361263013,2.880010619313068,1.0503840682880343,0.3706888491227626,-0.39260181756251555,1.8219609007492819,4
283,0.0036697784677767213,0.01594999005639232,0.7183493200611598,1.3589392728052587,-1.4440263138608525,2.880724953983172,1.057220634411825,0.36801189238215826,-0.38856051729909447,1.825259157421414,4
284,0.021080875983470526,0.043925870483964326,0.7394301960446303,1.3839122847696406,-1.4626830727063083,2.941543464795569,1.0686084720574793,0.36359436401815104,-0.3795165525049746,1.8583769445942353,4
285,0.013250588924265231,0.011748694210063852,0.7526807849688956,1.3809268235061638,-1.4446819486982836,2.9500435186360745,1.0901095874984081,0.3553941514525406,-0.3656082666389156,1.8709698365767067,4
286,0.002098568796302329,0.022810934415237724,0.7547793537651978,1.400301271868481,-1.4734124507057644,2.9829711582361598,1.0780242351105829,0.3599808296726072,-0.3761085000495069,1.8856672075799026,4
287,-0.012424151668715685,0.0404960947631272,0.7423552020964821,1.3923494748519856,-1.473183518856724,2.957893923049688,1.0663345884127238,0.36447230530838953,-0.39237648351934673,1.877086887712311,4
288,-0.03516820839108503,0.04530139970113517,0.7071869937053971,1.3618115191893814,-1.4597590251631227,2.874133012573917,1.0385974618959755,0.3753482661948679,-0.4068552961476981,1.8212292835584922,4
289,0.01605050627606464,0.01223831126505173,0.7232374999814617,1.3574947551326624,-1.4368395839755146,2.883314583938438,1.0655473949301302,0.36477671893956043,-0.3872114610664936,1.833686461029417,4
290,-0.02772261284237232,0.026558367873473973,0.6955148871390894,1.3442515142786635,-1.4434892453549915,2.8345190196331704,1.03479874078819,0.3768619289511852,-0.40223938012426785,1.7932691544024466,4
291,-0.0037608266771410564,0.013873185685405196,0.6917540604619483,1.3418824072157198,-1.4434802940224896,2.826988414946386,1.0310203885857228,0.3783732862037966,-0.4039631794821324,1.787471300406029,4
292,0.007059804032137132,0.01605792056418231,0.6988138644940854,1.3373487088072677,-1.4292063641157275,2.8268340931038987,1.0450735247911995,0.37278124281161207,-0.3908715403748434,1.7884992693630142,4
293,-0.006302421706210311,0.009044518315902337,0.6925114427878751,1.3323266546521642,-1.427517576976516,2.812540462552266,1.0395520353357666,0.374968820230391,-0.3946601888428713,1.7796830744186214,4
294,0.021955550201079425,0.049412087686272484,0.7144669929889544,1.3708525039817376,-1.4668652502038455,2.8957992361817544,1.0423688776345155,0.37385126624974685,-0.39734894792908704,1.826282933906996,4
295,-0.010194592726768256,0.01664853538792616,0.7042724002621862,1.3579305838514573,-1.4564981844427232,2.8650429849670953,1.0372730515645059,0.3758753348628638,-0.39407212448715945,1.8026169250115318,4
296,0.015016639129433632,0.023847036377997538,0.7192890393916197,1.3647384365663362,-1.4523143581729805,2.8908924369562197,1.0541053437336187,0.3692294023363418,-0.3774788146184978,1.8160568934017374,4
297,-0.005272863082855903,0.03253455694990197,0.7140161763087638,1.3503449568226669,-1.4346839830406284,2.862716335658156,1.057531518448188,0.36789060701051784,-0.369218959228251,1.7972513118457787,4
298,0.014514597166804703,0.01643712403618348,0.7285307734755685,1.3410435787176356,-1.4053688176816217,2.862430364632759,1.0865131976877611,0.35675305310535593,-0.34284768873236565,1.7999092356835027,4
299,-0.00027123223153357676,0.01599850699711771,0.7282595412440349,1.3443509440300516,-1.4109028061725164,2.8674218886605862,1.083436649452385,0.35791957104035654,-0.34138044397881995,1.7978995264668898,4
300,0.009612954014543654,0.025314227917671347,0.7378724952585786,1.3636023445133112,-1.4319231263277161,2.907668116844873,1.0822399920732544,0.358374308851804,-0.34733021218015914,1.8230752026973163,4
301,0.010762841232899837,0.019259069845902744,0.7486353364914784,1.3708875584133515,-1.4327526861245086,2.9300233591074654,1.0921907225679979,0.3546101116535772,-0.3361729781458838,1.8334436511288406,4
302,0.008525592782849926,0.029196557322762932,0.7571609292743283,1.3992259173722255,-1.4693197462248944,2.9836416047735512,1.0822568677062412,0.3583678920709977,-0.3481864778972682,1.8625083364459247,4
303,0.02060324220202026,0.026840603220764845,0.7777641714763486,1.401978941643527,-1.4530971799831542,3.0086255229358514,1.109523329308474,0.34814603677235517,-0.3233501539459224,1.8788784968986194,4
304,0.01587572054304942,0.025111751083950296,0.7936398920193979,1.4111992398524802,-1.4518930114244533,3.039172795463249,1.1247736954597014,0.34255487542269847,-0.3061509040532757,1.9087008598276003,4
305,0.006558095413431555,0.014955814339066287,0.8001979874328294,1.4017328524930701,-1.430271781272852,3.030667756138511,1.1417268076575746,0.3364441262118163,-0.28934946897309355,1.9098225692528343,4
306,0.025285836588013866,0.03304111125083976,0.8254838240208434,1.4194992326365867,-1.4332562201078387,3.0842238681495253,1.1630634311616845,0.3289080257138292,-0.2685453341785509,1.9686761532227077,4
307,-0.03401683210751238,0.0353874695377971,0.7914669919133308,1.427439474957231,-1.479907749633547,3.0628417334602087,1.1089324707613888,0.34836446835137147,-0.32161584930675324,1.9223239610722187,4
308,-0.05435845870439559,0.11037410783866114,0.7371085332089352,1.3766050545055848,-1.4533773015641525,2.927594367982023,1.0709077825864468,0.36270869788660537,-0.3039259021869988,1.8914196423366723,4
309,0.03515852603302994,0.05888196772738539,0.7722670592419651,1.4004725963819495,-1.4561973607614431,3.000731479245373,1.1028663627365194,0.3506148576930078,-0.3010637799686937,1.9105193590119265,4
310,-0.008084322163338984,0.049413454284772486,0.7641827370786262,1.4456126622761791,-1.536109600887459,3.064475075044711,1.0572441111236361,0.36800273204695605,-0.351857762629463,1.926158579976038,4
311,-0.017707135014850658,0.013345907679873856,0.7464756020637755,1.4505686480136575,-1.561702815151948,3.054654019279499,1.0292178906333942,0.3790963385293965,-0.37263349543172947,1.909905778229869,4
312,0.0014123410328338321,0.04153156847452094,0.7478879430966093,1.4691270522509474,-1.5898210366175771,3.0855969228107956,1.0181392303010421,0.38356952593668736,-0.3797860265036631,1.9275991676889963,4
313,0.014844511694949939,0.023336727895080258,0.7627324547915593,1.4638808673010868,-1.5666286739673674,3.092093583550486,1.0420690260100007,0.3739700767554656,-0.377392445439775,1.942470815575794,4
314,0.005270369504967734,0.022828971760694265,0.7680028242965269,1.4580489303781101,-1.5520783914058123,3.088084039998866,1.0534664623324592,0.36947956955404276,-0.38303228450819293,1.943841975542329,4
315,-0.0010369215979931764,0.03760480746417432,0.7669659026985337,1.4274673604575445,-1.5044532109020659,3.038385016299133,1.074582752564933,0.3612975061735329,-0.3681300033541992,1.90771142731551,4
316,0.02418975434078863,0.04215639028719842,0.7911556570393223,1.3968236007539936,-1.4315023966369935,3.013813710715638,1.1327925109688342,0.3396508307077786,-0.30177979961383417,1.912544807588898,4
317,-0.022702495907458986,0.05571376372735141,0.7684531611318632,1.4146832380317766,-1.4826235608786467,3.019529883142373,1.086396078603431,0.35679739225724943,-0.37130899753498237,1.894723997810852,4
318,0.0162002020932307,0.03919873662442787,0.7846533632250939,1.3972782772049344,-1.43872818214692,3.008034908597108,1.1231168136309777,0.34315799214832615,-0.3646878991131711,1.8997569430462922,4
319,0.05085764110975333,0.02020177994706632,0.8355110043348473,1.4094140108172357,-1.4071812013353544,3.078203210005049,1.1856147277128086,0.3211275389548998,-0.3311051056424399,1.9699192574464277,4
320,-0.008994670083303343,0.03443147405238131,0.8265163342515439,1.427495797516498,-1.4449480290556553,3.0979806975587434,1.1579947705478155,0.3306827901211796,-0.3355893056737921,1.9679009184471856,4
321,0.0007855356062947978,0.036687904182661775,0.8273018698578387,1.4502574195837878,-1.4803813134745158,3.134985053190193,1.1409034819422164,0.3367383661983271,-0.35269251627041465,1.9668074848950183,4
322,-0.03228766412405203,0.0619710429611836,0.7950142057337867,1.4755210459537118,-1.5528690447980846,3.1428974562656578,1.0776046982371905,0.360141089227925,-0.37072064591692333,1.964667274016382,4
323,0.01389140763686203,0.058126284735770965,0.8089056133706487,1.5091967145953697,-1.5925631407845238,3.210374367525821,1.0719684260477922,0.3623008593999717,-0.41244100975213094,1.9960280212245847,4
324,0.01902891045252264,0.04096902015477584,0.8279345238231713,1.5244434967436258,-1.5977952630895924,3.2536643107359353,1.0862121496686863,0.3568670352981665,-0.42122428942081613,2.0094510740935263,4
325,0.022068858369808653,0.05329971368102259,0.8500033821929798,1.5198479894363162,-1.568413927094258,3.268420691480218,1.1185373643955412,0.3448304322783215,-0.3641013927203187,2.0216627224391344,4
326,0.012615516968570776,0.01800698601600023,0.8626188991615505,1.51567619809994,-1.5491601591632551,3.274397957486356,1.138262777027091,0.3376838364242859,-0.3602178400683268,2.024644096335007,4
327,0.013857881567980512,0.0551675456673387,0.8764767807295311,1.5246539629748503,-1.5495879049232069,3.302541466382269,1.1497386318655296,0.3335942558353566,-0.36775480387134096,2.0466082493139406,4
328,0.03237562435505337,0.01141955520018008,0.9088524050845844,1.5243834689373053,-1.5167818641929598,3.334486674362129,1.1924196550336164,0.3188165472181752,-0.33242300913993017,2.0818579123887053,4
329,0.02624618026190284,0.0295103760144477,0.9350985853464873,1.539598436936397,-1.514746093277917,3.3849432639708916,1.214730494540139,0.3113577242976253,-0.3149329623673076,2.1251317841265807,4
330,-0.025869174061949548,0.020299524513441577,0.9092294112845375,1.5358295246299551,-1.5346180868175798,3.3530769093866546,1.1840238733574397,0.32167024907715447,-0.3471991354306968,2.089296294237382,4
331,-0.00012986464363018164,0.047773111241756906,0.9090995466409075,1.5062213859591524,-1.4876347957015974,3.3058338889834125,1.2071260640905037,0.31387977969271175,-0.34755788617043226,2.0515573204846644,4
332,0.010213505505380364,0.049026046880445234,0.9193130521462879,1.5174686362839094,-1.495318175316529,3.333944279609105,1.2116402674358666,0.31238010857000204,-0.3725533098545847,2.064702209579993,4
333,0.012038341400589684,0.06414526726024257,0.9313513935468773,1.516387262772348,-1.4815591273476898,3.3442619144414447,1.2283819792104111,0.30688206755715997,-0.32039511314703395,2.088704412269748,4
334,0.011802099926168878,0.0335826632739036,0.9431534934730462,1.5391931301120698,-1.5060462515485646,3.392353238494657,1.225516765923162,0.30781592688717496,-0.34376852570496086,2.108464117797605,4
335,0.010092764118675105,0.018412546863457765,0.9532462575917213,1.5488309938520801,-1.5112894793550016,3.4177819945384442,1.2309235305537285,0.30605613616055427,-0.33864195851649415,2.1297803053475395,4
336,-0.005422079763441331,0.02615312425295766,0.94782417782828,1.5437144544236223,-1.5085700031184759,3.4042183587750356,1.2279786266329542,0.30701335608647884,-0.3534776522605304,2.110070710388193,4
337,0.031775312920578336,0.020745507620786086,0.9795994907488583,1.5589646442203822,-1.5010611452846843,3.460260126782401,1.2567308622175242,0.2977981154121895,-0.32993543171791684,2.154393796509016,4
338,-0.027618816750270555,0.052523778064858265,0.9519806739985875,1.558838874978039,-1.5284798351046485,3.4324411831018233,1.2213971428086166,0.30916375202522195,-0.3231446525299505,2.1453598920655788,4
339,0.0051840400958082,0.007229290887329999,0.9571647140943957,1.5631964659090078,-1.53022969458794,3.4445591227767314,1.2246249719324933,0.3081071845693293,-0.32444829770209993,2.1528641269170765,4
340,-0.029080706922829266,0.051938080675329186,0.9280840071715665,1.570884447025076,-1.5715436950597304,3.4277117094028635,1.1816069717020394,0.32249653967656067,-0.32614553510782784,2.1498491937923037,4
341,0.010166852915912575,0.04309022113085358,0.938250860087479,1.577391023372151,-1.5717302570717155,3.4482319772466736,1.1896236839001195,0.3197640242091126,-0.30782116067935483,2.176706391271626,4
342,-0.003573403833232791,0.05810742315263322,0.9346774562542463,1.5792178909364747,-1.5782106148701103,3.4475655273786026,1.1837219697403294,0.3217733465533119,-0.3189750601978242,2.176972998302036,4
343,0.02470029579004429,0.04864322423844326,0.9593777520442905,1.5960761001125479,-1.580335491833113,3.4990909959216943,1.202170437833935,0.3155345629556988,-0.31854507845881397,2.2118137224190386,4
344,0.014846204176981796,0.06044964988702444,0.9742239562212723,1.6286643703438375,-1.617344497752709,3.5657924101952534,1.1963471098905392,0.31749045916284463,-0.31981744622777214,2.268265358670317,4
345,0.028905788112025495,0.07672128186090856,1.0031297443332978,1.640888502007109,-1.6078900309642228,3.6141495196308187,1.2226665530367058,0.3087477923457929,-0.30623678563174395,2.3124962742983395,4
346,0.014515061664984397,0.03745887387842622,1.017644805998282,1.6165442518234316,-1.5546378347732657,3.58992744676983,1.2590373630049383,0.29707136734661205,-0.2673053414772524,2.3025949534738164,4
347,-0.0340375879071827,0.020180240629960045,0.9836072180910995,1.619005687595816,-1.5925921162702075,3.5598065524524065,1.2150756796311595,0.3112437345185236,-0.30166683514597836,2.268881271328177,4
348,0.015727643091414945,0.03293125217918857,0.9993348611825142,1.6229322192579683,-1.5831124612691903,3.581782183634219,1.2315176805589907,0.3058633842572362,-0.2901833391274938,2.2888530614925227,4
349,0.00036178422984012694,0.020827465430576557,0.9996966454123544,1.6239503979608385,-1.5843708265648844,3.583764117389593,1.2311911086294915,0.30596931403251676,-0.29463012093027163,2.2940234117549805,4
350,0.03453638180983598,0.07617590015665289,1.0342330272221902,1.6858942335391092,-1.6484009100906327,3.716866964535013,1.2269251613146326,0.30735652416514203,-0.32426567592661604,2.392731730370997,4
351,-0.004151842396599933,0.052905904537431644,1.0300811848255904,1.7360772510463227,-1.7324051318141422,3.792567501465323,1.1866766691456467,0.3207657810839577,-0.3700389440662004,2.4302013137173812,4
352,-0.011608515233524904,0.01815101565259829,1.0184726695920654,1.7340828140911726,-1.740840052788148,3.777785391972279,1.1746528612312483,0.3248860176104514,-0.3850321860818174,2.421977525265948,4
353,0.010652723598485792,0.04884863222524054,1.0291253931905513,1.750341596350675,-1.7560586799547448,3.8143094663358474,1.175913770587635,0.3244514356268868,-0.3776919613944797,2.435942747775582,4
354,0.05944629522269385,0.04327822640743405,1.088571688413245,1.7642780934563826,-1.7187884615933795,3.8959318384198696,1.2340137220438228,0.3050549913084787,-0.3423040929076364,2.5194474697341267,4
355,0.07177719836079699,0.175823451275435,1.1603488867740421,1.8744251690340505,-1.8222798400875595,4.142977613635644,1.2380850470248497,0.30374112824549,-0.36766790446362196,2.688365678011706,4
356,-0.05863416771052276,0.11582218757025617,1.1017147190635193,1.793380095776024,-1.7519532108223554,3.955382648949394,1.2286460875286895,0.3067961333481891,-0.362683977233721,2.5661134153607597,4
357,0.028440094217196843,0.05606223672863035,1.130154813280716,1.822385871220515,-1.7696677780527634,4.029977404614195,1.2403024311462776,0.3030280071127574,-0.3658119788550226,2.6261216054164547,4
358,0.03088606056499666,0.1085502636853033,1.1610408738457125,1.860865986275469,-1.8000121674795322,4.122093915170957,1.2478500680960274,0.30061357265452476,-0.35931110572462677,2.6813928534160523,4
359,0.0489692198687185,0.044754443032695546,1.2100100937144311,1.9041980484018508,-1.8199939281180273,4.24001411554689,1.2708868121464199,0.2933666717708411,-0.34848188149038206,2.7685020689192443,4
360,0.005567453682377659,0.026375040820511907,1.215577547396809,1.915964431605752,-1.8331494158125534,4.264304510606172,1.2688936468179053,0.29398645498884385,-0.34847486110669573,2.7796299559003135,4
361,-0.005064297632955236,0.024257986046104626,1.2105132497638535,1.9081064800079637,-1.825709958930769,4.246736458458476,1.268811004466377,0.2940121823599943,-0.34809694204208175,2.769123441569789,4
362,0.012656694521710258,0.013976400074228668,1.2231699442855635,1.918339140573211,-1.8293357108136061,4.2756755993847335,1.2752384793859475,0.29201822246773745,-0.3463799914195802,2.792719879990708,4
363,0.012674260167044982,0.06676126358737888,1.2358442044526088,1.9597790353744422,-1.8826015706973225,4.35428997960254,1.261207699587912,0.2963892020527914,-0.37179715344881425,2.8434855623540316,4
364,0.006651462245846119,0.036449924519413604,1.242495666698455,1.9615011823343111,-1.8786904285662716,4.363681761963182,1.266882404036898,0.2946132396093538,-0.3618521722692292,2.846843505666139,4
365,0.009774401847787998,0.02892774019892688,1.2522700685462427,1.9843403969128688,-1.90525831374404,4.409798450836526,1.26215247191909,0.2960927555550979,-0.37394155582902167,2.8784816929215076,4
