band,total_return,cagr,volatility,sharpe,sortino,max_drawdown,calmar,win_rate,days,time_in_market,average_position,turnover_total,turnover_annual,n_position_changes,total_cost
0.0,123.958737922791,0.5433200593914365,0.5250418741362763,1.0918698328193028,1.4646542047141968,-0.7221635198058339,0.7523504642515276,0.5241379310344828,4061,0.9997537552327013,0.8754340823984315,96.96719879704733,8.715347835735601,2145,0.24241799699261832
0.01,124.49393987581608,0.5439130146966342,0.5247725446743473,1.0928941044431575,1.4659505298629367,-0.7223426367401597,0.7529847845493993,0.5241379310344828,4061,0.9997537552327013,0.8747545063067108,95.65897426390842,8.597765478041511,1882,0.239147435659771
0.02,123.19934965904099,0.5424747471763385,0.5236138825178887,1.0923787697016074,1.4643161729575886,-0.7218185725542398,0.7515389154600551,0.5241379310344828,4061,0.9997537552327013,0.8725847418942565,91.41670746056815,8.216473337381773,1532,0.22854176865142037
0.03,125.78843790257436,0.5453377405145741,0.5219826721718931,1.0976916183312608,1.4712143316834514,-0.7218598413298043,0.7554620845924291,0.524384236453202,4061,0.9997537552327013,0.8686471280318068,87.83398922360728,7.894460986608387,1214,0.21958497305901822
0.04,126.89991145145167,0.5465505049450663,0.520691160934387,1.1005989002194743,1.4756043361458548,-0.7190310341091863,0.7601208835473873,0.5248768472906404,4061,0.9997537552327013,0.8664716360543842,84.30818749413565,7.577564253966884,1023,0.2107704687353391
0.05,128.84758637940834,0.5486527302576185,0.5188406281979467,1.1053304940782926,1.480901917082754,-0.7154474470484474,0.7668665707328547,0.5246305418719212,4061,0.9997537552327013,0.8645334273315178,78.69321786549104,7.07289448926477,828,0.19673304466372762
0.06,132.69534072516137,0.5527227902784344,0.5149786397952848,1.1143494228683732,1.5013630603462937,-0.7152554370040531,0.7727627944970131,0.5251231527093596,4061,0.9997537552327013,0.8623272670594642,71.56347099952299,6.432077546128021,663,0.17890867749880748
0.07,120.50625997914771,0.5394385268459916,0.5106410848408269,1.1026745058271348,1.4785524281571492,-0.7197152934923787,0.7495165542868986,0.5246305418719212,4061,0.9997537552327013,0.8491606960120149,67.32005853976386,6.050682434625416,567,0.16830014634940968
0.08,115.29433601516136,0.5333843997463772,0.5098332120278,1.0959085221251714,1.4688773580424144,-0.709086923083124,0.7522129972827749,0.5248768472906404,4061,0.9997537552327013,0.8494745348053752,64.12440714016807,5.763459395755072,493,0.16031101785042018
0.09,122.67367114036928,0.5418868291507162,0.509907828879735,1.1071503492488666,1.4788481593930913,-0.7138786354157044,0.7590741650857301,0.5253694581280788,4061,0.9997537552327013,0.8487627921273316,60.5989122898729,5.4465902452114285,426,0.15149728072468227
0.1,124.68961162419895,0.5441292268606068,0.5115897896807952,1.1079591855722248,1.4816843275855054,-0.7109172261890326,0.7653904094819656,0.5248768472906404,4061,0.9997537552327013,0.852021034075344,59.97725695783231,5.390716274220338,390,0.1499431423945808
0.11,106.81040212249013,0.5229799967500761,0.5073190216411164,1.0858738816448796,1.4458349243092452,-0.7147324904047945,0.7317143179735431,0.5248768472906404,4061,0.9997537552327013,0.8417680551210642,56.01145670335535,5.034272764522212,346,0.14002864175838836
0.12,123.22405328712652,0.5425023199242474,0.5004915743949235,1.1192247628941614,1.4941499519501964,-0.6927888989817188,0.783070168591952,0.5251231527093596,4061,0.9997537552327013,0.8274227300221745,50.512736484652066,4.540051420068457,292,0.12628184121163016
0.13,115.82483463984723,0.5340117885515767,0.5030058003148702,1.1051945118579547,1.4716021650821178,-0.7028401475872821,0.7597912418417455,0.5256157635467981,4061,0.9997537552327013,0.8294201425601878,49.14964622904848,4.417537767447105,267,0.1228741155726212
0.14,132.4748241642628,0.5524924314126947,0.5020363041761503,1.1288189866809746,1.5321429596949192,-0.7099813016138719,0.7781788480299604,0.5253694581280788,4061,0.9997537552327013,0.8321273571817952,48.02378329034078,4.316345949513515,248,0.12005945822585197
0.15,133.85859699965434,0.5539322724854039,0.5010267469061007,1.1318453520665193,1.5407655427380884,-0.6990099507600774,0.7924526280106292,0.5256157635467981,4061,0.9997537552327013,0.8291302086058525,44.54505285817022,4.00367995400939,218,0.11136263214542558
0.16,105.6443340778245,0.5214921288491012,0.4986507542730381,1.0943086283651375,1.4530904479307007,-0.6810112655457334,0.765761383449655,0.5251231527093596,4061,0.9997537552327013,0.8241256117013889,38.45938881443594,3.456704485907195,181,0.09614847203608985
0.17,110.44740066286309,0.5275284075855304,0.4879254694517914,1.114029422525723,1.5000467642955044,-0.683149142523294,0.7722009364412586,0.5253694581280788,4061,0.9997537552327013,0.8039396847364358,37.77167735323741,3.3948934336202057,170,0.09442919338309352
0.18,114.59298088681845,0.5325509389796406,0.48949898841931405,1.1187498398378832,1.5043222477004505,-0.6927865237619182,0.7687085714194061,0.5248768472906404,4061,0.9997537552327013,0.8056544872887049,35.60422319030589,3.2000840838368996,154,0.08901055797576474
0.19,117.31313767415982,0.5357581738168471,0.49421027460644734,1.1169970949353372,1.500964006634609,-0.6884807005556373,0.7781745710293176,0.5251231527093596,4061,0.9997537552327013,0.8098396524619248,34.59774100312469,3.1096221290668584,142,0.0864943525078117
0.2,145.98130830300508,0.5660011912327332,0.4984197252109431,1.1508397343690502,1.5520731063797228,-0.6931728384833349,0.8165368863430168,0.5251231527093596,4061,0.9997537552327013,0.8166418646003559,33.8840616546751,3.045477100210887,132,0.08471015413668775
0.21,173.85854616458488,0.5906374937997303,0.4982900160923078,1.182274817526602,1.6077814823400047,-0.7075601188529905,0.8347523808396652,0.5256157635467981,4061,0.9997537552327013,0.8222537071397329,30.987531074683467,2.7851388432059756,117,0.07746882768670867
0.22,142.1111078244396,0.56224987114017,0.4920587606976028,1.1544312707468896,1.5577771969962582,-0.6995577451584637,0.8037218871943291,0.5256157635467981,4061,0.9997537552327013,0.7994157425459635,29.050885540395143,2.611074420646202,108,0.07262721385098785
0.23,133.29036521912266,0.5533426514008486,0.49120663557184835,1.1438951139850324,1.547416202804008,-0.6769478641514286,0.8174080763139384,0.5256157635467981,4061,0.9997537552327013,0.8012507035510557,25.77374047840201,2.316526785180186,93,0.06443435119600503
0.24,129.45749917663997,0.5493051412409471,0.49071791312645147,1.1393362568710363,1.5417162077524234,-0.6831394119517014,0.8040893727264319,0.5253694581280788,4061,0.9997537552327013,0.8054396607778297,24.40604198910287,2.193598947555417,85,0.06101510497275718
0.25,139.64355445357594,0.5598096147614029,0.4915584671408716,1.1526265928974577,1.5474570726379773,-0.692560177810865,0.8083190929789271,0.5253694581280788,4061,0.9997537552327013,0.8031899196707651,23.77067294583889,2.1364923972497403,79,0.05942668236459722
0.26,117.59212245411152,0.5360833095352213,0.4757692410539177,1.1424495887410775,1.522982243474846,-0.6854256873790721,0.7821173314719128,0.5256157635467981,4061,0.9997537552327013,0.7588724374039204,19.831118192817964,1.782407815902132,64,0.04957779548204491
0.27,106.38426963171415,0.5224379703021267,0.4637355248614159,1.1408824817437198,1.5067394869816173,-0.6553114242306568,0.7972361704444187,0.5258620689655172,4061,0.9997537552327013,0.7406417802779888,17.949802387320634,1.6133163928520147,56,0.04487450596830159
0.28,120.9315562844117,0.5399220579611306,0.46231843862838734,1.1671821176339594,1.5581565788972251,-0.6569953720496396,0.8218049638260412,0.5258620689655172,4061,0.9997537552327013,0.7462880756168485,14.130240039735398,1.2700166497176608,43,0.035325600099338494
0.29,106.95351930947285,0.5231615997381531,0.47416081257719084,1.126702834091192,1.4965258973259303,-0.6824063068708512,0.766642386611418,0.5258620689655172,4061,0.9997537552327013,0.7605877575786377,16.854807166947943,1.514898945071657,49,0.04213701791736985
0.3,79.72632575244113,0.4838884908301555,0.47637030201785796,1.0694406775663081,1.3991726424499469,-0.6824063068708511,0.709091469346185,0.5258620689655172,4061,0.9997537552327013,0.7501408632270026,12.757932223252903,1.1466745288075129,36,0.031894830558132255
0.31,89.0171161052563,0.49848862244445846,0.481230871619193,1.0838077044760164,1.4229136907567468,-0.6824063068708511,0.7304865406802284,0.5258620689655172,4061,0.9997537552327013,0.7611366275623187,13.62202672576919,1.2243387724466277,38,0.034055066814422975
0.32,100.66632400779874,0.5149690307739416,0.48405087565603155,1.102837977653416,1.4524931586689138,-0.6887186481223981,0.7477204692770596,0.5258620689655172,4061,0.9997537552327013,0.7648950338478419,12.509562702950088,1.124351240230678,34,0.03127390675737522
0.33,127.96354996608909,0.5477021266202595,0.48702918153021213,1.1426052917578162,1.5180467330547722,-0.6881257382723647,0.7959332083629684,0.5258620689655172,4061,0.9997537552327013,0.7689482780513438,13.537495739858329,1.2167411832179982,36,0.03384373934964582
0.34,149.00360665001813,0.5688686501469922,0.4903162906073297,1.1657921721672635,1.5583587756256774,-0.6893235174786291,0.8252564082359611,0.5258620689655172,4061,0.9997537552327013,0.7736062800574669,13.066110631271169,1.174373400742176,34,0.032665276578177915
0.35,133.38099574579005,0.5534368454464653,0.501742240736793,1.1314939266902424,1.5014690117892622,-0.7039073837425663,0.7862353176406923,0.5258620689655172,4061,0.9997537552327013,0.793867080374292,14.251804839188594,1.2809428136675294,36,0.03562951209797149
0.36,109.24293174003319,0.5260372613981332,0.5128577981903369,1.0837960797741082,1.4258023289776112,-0.7277283232651642,0.72284841001916,0.5256157635467981,4061,0.9997537552327013,0.8145427418926493,18.93216234241821,1.7016102573215086,47,0.04733040585604553
0.37,133.34687557159515,0.5534013904826536,0.48681995079036156,1.1499415452182533,1.5400708338175189,-0.7138649786763991,0.7752185735581728,0.5256157635467981,4061,0.9997537552327013,0.7862226817255477,11.412997969165652,1.025792725620651,27,0.02853249492291413
0.38,116.8465239579316,0.5352128079773255,0.4908808366478306,1.1207012759405113,1.490762182831595,-0.7244993628987098,0.7387346840940592,0.5256157635467981,4061,0.9997537552327013,0.7905064702586883,11.517143056551877,1.0351532173458349,27,0.02879285764137969
0.39,111.38297050473892,0.5286765666556088,0.4918751199362292,1.1107184679435165,1.474553520933223,-0.7476390711763043,0.7071280609021824,0.5253694581280788,4061,0.9997537552327013,0.789330219856446,11.593595257783846,1.0420246907390063,27,0.028983988144459613
0.4,126.72765619368572,0.5463631813260079,0.5102921654574811,1.1116031973113465,1.4796006225614515,-0.7503429874580838,0.7281512461080064,0.5256157635467981,4061,0.9997537552327013,0.8232114422245527,11.997332550503092,1.0783123321678476,27,0.029993331376257735
0.41,95.52801461826641,0.507923590379427,0.43170905912913815,1.169215908613865,1.5268782609924267,-0.6414644313379751,0.7918187908252265,0.5258620689655172,4061,0.9997537552327013,0.6492278710626123,6.587192883391855,0.592052549233693,14,0.016467982208479635
0.42,89.45364690490779,0.49914032079982285,0.4399424248525297,1.1419627933112997,1.4848792597584215,-0.6901242121181925,0.7232615694902452,0.5256157635467981,4061,0.9997537552327013,0.6475556700584377,5.603672356805082,0.5036543733646528,12,0.014009180892012706
0.43,110.55341698394584,0.5276589537240894,0.44024690552538154,1.1843986852257915,1.5602676705239413,-0.6414644313379747,0.8225848978461544,0.5258620689655172,4061,0.9997537552327013,0.6642727196780448,6.855249529913556,0.6161453037228387,14,0.017138123824783892
0.44,110.55341698394584,0.5276589537240894,0.44024690552538154,1.1843986852257915,1.5602676705239413,-0.6414644313379747,0.8225848978461544,0.5258620689655172,4061,0.9997537552327013,0.6642727196780448,6.855249529913556,0.6161453037228387,14,0.017138123824783892
0.45,93.13128860994757,0.5045198074916897,0.4540861097395854,1.129201086368454,1.4604938068995166,-0.6414644313379754,0.7865125217299349,0.5258620689655172,4061,0.9997537552327013,0.6977829652616941,8.04004235894985,0.7226337013092086,16,0.02010010589737463
0.46,90.39054893054913,0.5005294155263935,0.4645179175769206,1.1091174571414466,1.423954122528477,-0.6725607961567535,0.7442143794086614,0.5258620689655172,4061,0.9997537552327013,0.7098918651112494,7.1926526614310875,0.6464708745191694,14,0.017981631653577718
0.47,106.25792127484463,0.5222768830933502,0.46918119181271045,1.1326755485808222,1.4719301539212364,-0.6725607961567526,0.7765496979274183,0.5258620689655172,4061,0.9997537552327013,0.7099258488819827,7.432671440284646,0.6680436039655001,14,0.018581678600711617
0.48,113.37215099032649,0.5310891158634734,0.4689356049893686,1.1452151468322045,1.4931608643463137,-0.6725607961567535,0.7896522052702172,0.5258620689655172,4061,0.9997537552327013,0.7088412289850896,7.4887910469149235,0.6730875971740821,14,0.018721977617287305
0.49,98.01189906232997,0.5113709333649703,0.48139837425634197,1.1007954606694768,1.4244544248333568,-0.730016182269051,0.7004925997332235,0.5256157635467981,4061,0.9997537552327013,0.7109354750565421,6.37994205920928,0.5734249819284382,12,0.015949855148023197
0.5,128.3479749192201,0.5481162249227907,0.4735371411220171,1.1619325768761017,1.522359558741806,-0.6725607961567532,0.8149690378251568,0.5256157635467981,4061,0.9997537552327013,0.7161156030866261,7.553546085322987,0.6789077372920193,14,0.018883865213307465
0.51,139.47593689758662,0.5596424415109262,0.4901511556043963,1.1547956387423017,1.5027109594001091,-0.6725607961567536,0.8321068440339043,0.5258620689655172,4061,0.9997537552327013,0.7547689657169036,8.846648488083291,0.7951309278873188,16,0.022116621220208226
0.52,31.58904435709416,0.3677095492919933,0.32143072147364576,1.1356345981178888,1.5136234519931842,-0.535144560613509,0.6871219037907025,0.5258620689655172,4061,0.9997537552327013,0.48292357268516667,0.4830425193779464,0.043415542864553174,1,0.001207606298444866
0.53,31.58904435709416,0.3677095492919933,0.32143072147364576,1.1356345981178888,1.5136234519931842,-0.535144560613509,0.6871219037907025,0.5258620689655172,4061,0.9997537552327013,0.48292357268516667,0.4830425193779464,0.043415542864553174,1,0.001207606298444866
0.54,31.58904435709416,0.3677095492919933,0.32143072147364576,1.1356345981178888,1.5136234519931842,-0.535144560613509,0.6871219037907025,0.5258620689655172,4061,0.9997537552327013,0.48292357268516667,0.4830425193779464,0.043415542864553174,1,0.001207606298444866
0.55,31.58904435709416,0.3677095492919933,0.32143072147364576,1.1356345981178888,1.5136234519931842,-0.535144560613509,0.6871219037907025,0.5258620689655172,4061,0.9997537552327013,0.48292357268516667,0.4830425193779464,0.043415542864553174,1,0.001207606298444866
0.56,31.58904435709416,0.3677095492919933,0.32143072147364576,1.1356345981178888,1.5136234519931842,-0.535144560613509,0.6871219037907025,0.5258620689655172,4061,0.9997537552327013,0.48292357268516667,0.4830425193779464,0.043415542864553174,1,0.001207606298444866
0.57,31.58904435709416,0.3677095492919933,0.32143072147364576,1.1356345981178888,1.5136234519931842,-0.535144560613509,0.6871219037907025,0.5258620689655172,4061,0.9997537552327013,0.48292357268516667,0.4830425193779464,0.043415542864553174,1,0.001207606298444866
0.58,31.58904435709416,0.3677095492919933,0.32143072147364576,1.1356345981178888,1.5136234519931842,-0.535144560613509,0.6871219037907025,0.5258620689655172,4061,0.9997537552327013,0.48292357268516667,0.4830425193779464,0.043415542864553174,1,0.001207606298444866
0.59,31.58904435709416,0.3677095492919933,0.32143072147364576,1.1356345981178888,1.5136234519931842,-0.535144560613509,0.6871219037907025,0.5258620689655172,4061,0.9997537552327013,0.48292357268516667,0.4830425193779464,0.043415542864553174,1,0.001207606298444866
0.6,31.58904435709416,0.3677095492919933,0.32143072147364576,1.1356345981178888,1.5136234519931842,-0.535144560613509,0.6871219037907025,0.5258620689655172,4061,0.9997537552327013,0.48292357268516667,0.4830425193779464,0.043415542864553174,1,0.001207606298444866
