price_series,horizon,estimation_window,abnormal,return_type,label,n_events,car,ci_low,ci_high,p_value,significant
coinbase,180,"(-90, -11)",True,simple,coinbase/180d/simple/abn/-90..-11,3,-0.42604179561735006,-2.4562077993323714,1.6041242080976714,0.4618601872875178,False
binance,180,"(-90, -11)",True,simple,binance/180d/simple/abn/-90..-11,2,-0.32811765042417906,-10.435655558265521,9.779420257417163,0.7509440393620155,False
coinbase,365,"(-90, -11)",True,simple,coinbase/365d/simple/abn/-90..-11,3,-0.3040911967920505,-5.271325106523632,4.66314271293953,0.8168929243636264,False
coinbase,90,"(-90, -11)",True,simple,coinbase/90d/simple/abn/-90..-11,3,-0.29761774536613644,-1.5083065894779688,0.913071098745696,0.4010732487686841,False
coinbase,180,"(-90, -11)",True,log,coinbase/180d/log/abn/-90..-11,3,-0.2778990346258529,-2.748878898090626,2.19308082883892,0.6762593572757839,False
coinbase,90,"(-90, -11)",True,log,coinbase/90d/log/abn/-90..-11,3,-0.22032174807333837,-1.648704426162317,1.2080609300156402,0.5751711608055179,False
coinbase,180,"(-120, -31)",True,simple,coinbase/180d/simple/abn/-120..-31,3,-0.1890852213371849,-1.92419755723739,1.54602711456302,0.6852946199317937,False
coinbase,90,"(-120, -31)",True,simple,coinbase/90d/simple/abn/-120..-31,3,-0.1784848820540096,-1.2035345716841643,0.846564807576145,0.5318730756615073,False
binance,180,"(-120, -31)",True,simple,binance/180d/simple/abn/-120..-31,2,-0.15660253810504193,-8.99076199907569,8.677556922865605,0.8589602078886759,False
binance,90,"(-90, -11)",True,simple,binance/90d/simple/abn/-90..-11,2,-0.1449165062771715,-5.317262620650157,5.027429608095814,0.7822714657357486,False
binance,180,"(-90, -11)",True,log,binance/180d/log/abn/-90..-11,2,-0.1286692978467402,-12.336820288386695,12.079481692693216,0.9152490200554492,False
coinbase,90,"(-120, -31)",True,log,coinbase/90d/log/abn/-120..-31,3,-0.12251344391136686,-1.350306169694621,1.1052792818718873,0.7095067018225306,False
binance,365,"(-90, -11)",True,simple,binance/365d/simple/abn/-90..-11,2,-0.11910192424278765,-25.109226582039938,24.871022733554362,0.9614950742483162,False
coinbase,30,"(-90, -11)",True,simple,coinbase/30d/simple/abn/-90..-11,3,-0.08621025280013579,-0.601143137700598,0.4287226321003264,0.5461226022967949,False
coinbase,180,"(-120, -31)",True,log,coinbase/180d/log/abn/-120..-31,3,-0.08335724283116212,-2.1876952743920324,2.020980788729708,0.8803485721294559,False
coinbase,90,"(-250, -31)",True,simple,coinbase/90d/simple/abn/-250..-31,3,-0.08189138989722577,-1.128882450904896,0.9650996711104445,0.7684976215982806,False
coinbase,365,"(-90, -11)",True,log,coinbase/365d/log/abn/-90..-11,3,-0.0716245967169938,-5.816129185319688,5.6728799918857,0.9620930663203607,False
coinbase,30,"(-90, -11)",True,log,coinbase/30d/log/abn/-90..-11,3,-0.06552481624447758,-0.645914740860834,0.5148651083718788,0.6751447381688489,False
binance,90,"(-120, -31)",True,simple,binance/90d/simple/abn/-120..-31,2,-0.0586851514647882,-4.590824422383457,4.473454119453881,0.8961880260601135,False
bitstamp,30,"(-90, -11)",True,simple,bitstamp/30d/simple/abn/-90..-11,4,-0.04924114157048461,-0.33588442092529175,0.23740213778432254,0.6226251492906951,False
stitched,30,"(-90, -11)",True,simple,stitched/30d/simple/abn/-90..-11,4,-0.04903570066772396,-0.33553613844294355,0.23746473710749566,0.6238475944940908,False
coinbase,90,"(-250, -31)",True,log,coinbase/90d/log/abn/-250..-31,3,-0.04824492644734801,-1.1680336030670184,1.0715437501723226,0.8700316692661234,False
coinbase,30,"(-120, -31)",True,simple,coinbase/30d/simple/abn/-120..-31,3,-0.045626530133367316,-0.49594479699014443,0.4046917367234098,0.7054173682630716,False
binance,90,"(-90, -11)",True,log,binance/90d/log/abn/-90..-11,2,-0.04388529249324857,-6.243351303280275,6.155580718293778,0.9428924419326697,False
bitstamp,30,"(-120, -31)",True,simple,bitstamp/30d/simple/abn/-120..-31,4,-0.034257072799603216,-0.2666490531646709,0.19813490756546448,0.6709673879374677,False
stitched,30,"(-120, -31)",True,simple,stitched/30d/simple/abn/-120..-31,4,-0.033812347591343356,-0.2667452125669476,0.1991205173842609,0.6755488309859892,False
bitstamp,30,"(-90, -11)",True,log,bitstamp/30d/log/abn/-90..-11,4,-0.03222894397804804,-0.34673328829263805,0.28227540033654197,0.7657569367574621,False
coinbase,30,"(-120, -31)",True,log,coinbase/30d/log/abn/-120..-31,3,-0.03220550383765214,-0.5483677631186024,0.483956755443298,0.8135004300791314,False
stitched,30,"(-90, -11)",True,log,stitched/30d/log/abn/-90..-11,4,-0.03191425601877321,-0.346538485221059,0.28270997318351254,0.7680261294710107,False
bitstamp,30,"(-250, -31)",True,simple,bitstamp/30d/simple/abn/-250..-31,4,-0.01832254657745708,-0.25783075150279955,0.22118565834788537,0.8233479063973985,False
stitched,30,"(-250, -31)",True,simple,stitched/30d/simple/abn/-250..-31,4,-0.018055444695297122,-0.2577820740763664,0.22167118468577213,0.8260128600221552,False
bitstamp,30,"(-120, -31)",True,log,bitstamp/30d/log/abn/-120..-31,4,-0.014092498500063923,-0.283811293529012,0.25562629652888413,0.8785121551174858,False
stitched,30,"(-120, -31)",True,log,stitched/30d/log/abn/-120..-31,4,-0.013630327872470933,-0.28394849944469297,0.2566878436997511,0.8827079756511308,False
coinbase,30,"(-250, -31)",True,simple,coinbase/30d/simple/abn/-250..-31,3,-0.012721054783254004,-0.47574421910424575,0.4503021095377377,0.9167029165774196,False
bitstamp,30,"(-250, -31)",True,log,bitstamp/30d/log/abn/-250..-31,4,-0.008774983466867364,-0.2570334351298533,0.2394834681961186,0.9175416626075784,False
stitched,30,"(-250, -31)",True,log,stitched/30d/log/abn/-250..-31,4,-0.008473191304022382,-0.2569789152383854,0.24003253263034063,0.920441359413705,False
coinbase,30,"(-250, -31)",True,log,coinbase/30d/log/abn/-250..-31,3,-0.006905239646612761,-0.4885344770425827,0.47472399774935714,0.9564212837610699,False
bitstamp,90,"(-90, -11)",True,simple,bitstamp/90d/simple/abn/-90..-11,4,-0.004780400210809721,-1.1292348088764257,1.119674008454806,0.9900547588992374,False
stitched,90,"(-90, -11)",True,simple,stitched/90d/simple/abn/-90..-11,4,-0.004607625241813379,-1.1290228413280465,1.1198075908444196,0.9904138416600653,False
coinbase,7,"(-90, -11)",True,simple,coinbase/7d/simple/abn/-90..-11,3,-0.0002765133286460539,-0.233750104354448,0.2331970776971559,0.9963967301720184,False
coinbase,180,"(-250, -31)",True,simple,coinbase/180d/simple/abn/-250..-31,3,0.0030402960296030215,-1.7410538186136542,1.7471344106728601,0.9946965174354199,False
coinbase,7,"(-90, -11)",True,log,coinbase/7d/log/abn/-90..-11,3,0.006412033140999536,-0.2419024528251138,0.25472651910711286,0.9216788828080325,False
coinbase,7,"(-120, -31)",True,simple,coinbase/7d/simple/abn/-120..-31,3,0.01019670542406839,-0.2075730546814463,0.22796646552958308,0.858966937711411,False
binance,180,"(-120, -31)",True,log,binance/180d/log/abn/-120..-31,2,0.011149276669385255,-10.57685221708388,10.599150770422652,0.9914826840630403,False
coinbase,7,"(-120, -31)",True,log,coinbase/7d/log/abn/-120..-31,3,0.015010565375019028,-0.21590380637570927,0.2459249371257473,0.8059848077813128,False
binance,30,"(-90, -11)",True,simple,binance/30d/simple/abn/-90..-11,2,0.017394805068898678,-1.2869903233099054,1.3217799334477025,0.8931427300775852,False
coinbase,7,"(-250, -31)",True,simple,coinbase/7d/simple/abn/-250..-31,3,0.018688440998291162,-0.20067166133642134,0.23804854333300368,0.7490906536255038,False
bitstamp,7,"(-90, -11)",True,simple,bitstamp/7d/simple/abn/-90..-11,4,0.020406670743327956,-0.11695302162125733,0.15776636310791325,0.6686286127174053,False
stitched,7,"(-90, -11)",True,simple,stitched/7d/simple/abn/-90..-11,4,0.02113333256009159,-0.11714184478140766,0.15940850990159083,0.6600081226018093,False
coinbase,7,"(-250, -31)",True,log,coinbase/7d/log/abn/-250..-31,3,0.02153966581141629,-0.200036081867643,0.24311541349047555,0.7163853169369285,False
bitstamp,7,"(-120, -31)",True,simple,bitstamp/7d/simple/abn/-120..-31,4,0.024273527200329617,-0.09679830896726493,0.14534536336792417,0.5688114987364776,False
stitched,7,"(-120, -31)",True,simple,stitched/7d/simple/abn/-120..-31,4,0.025061939805609182,-0.09723262742667084,0.14735650703788922,0.5607969237862691,False
binance,7,"(-90, -11)",True,simple,binance/7d/simple/abn/-90..-11,2,0.025106232515920885,-1.0445703702490827,1.0947828352809243,0.8154897030299116,False
bitstamp,7,"(-90, -11)",True,log,bitstamp/7d/log/abn/-90..-11,4,0.025514871914982633,-0.11667419558115172,0.167703939411117,0.6079297655511865,False
stitched,7,"(-90, -11)",True,log,stitched/7d/log/abn/-90..-11,4,0.026241757015580243,-0.1169590477373301,0.16944256176849057,0.6007123860758762,False
binance,90,"(-120, -31)",True,log,binance/90d/log/abn/-120..-31,2,0.02641023392093733,-5.358505477376644,5.411325945218518,0.9603787597553561,False
bitstamp,7,"(-250, -31)",True,simple,bitstamp/7d/simple/abn/-250..-31,4,0.028385662999593136,-0.08937204182977046,0.14614336782895673,0.4988475922566565,False
stitched,7,"(-250, -31)",True,simple,stitched/7d/simple/abn/-250..-31,4,0.02912823732716948,-0.08990052269844165,0.14815699735278062,0.4928858078977373,False
bitstamp,7,"(-120, -31)",True,log,bitstamp/7d/log/abn/-120..-31,4,0.03019524494155918,-0.0986976112599508,0.15908810114306915,0.5100440529977162,False
stitched,7,"(-120, -31)",True,log,stitched/7d/log/abn/-120..-31,4,0.030960190085593732,-0.09912580683559488,0.16104618700678233,0.5038610309518777,False
bitstamp,7,"(-250, -31)",True,log,bitstamp/7d/log/abn/-250..-31,4,0.031567506885609886,-0.08769470847970819,0.15082972225092794,0.4614398534813286,False
stitched,7,"(-250, -31)",True,log,stitched/7d/log/abn/-250..-31,4,0.03229106403874173,-0.08816727569785873,0.1527494037753422,0.45629597774067815,False
binance,7,"(-120, -31)",True,simple,binance/7d/simple/abn/-120..-31,2,0.03268701096096556,-0.9807076715003618,1.046081693422293,0.7523811955723061,False
coinbase,7,"(-250, -31)",False,log,coinbase/7d/log/raw/none,3,0.033365851649455415,-0.12799732647749312,0.19472902977640394,0.4675083363866908,False
binance,7,"(-90, -11)",True,log,binance/7d/log/abn/-90..-11,2,0.033431114246250615,-1.1051334155939123,1.1719956440864137,0.7726683875007645,False
coinbase,7,"(-250, -31)",False,simple,coinbase/7d/simple/raw/none,3,0.03571005354356949,-0.13167553920738562,0.2030956462945246,0.45555822572611004,False
coinbase,30,"(-250, -31)",False,log,coinbase/30d/log/raw/none,3,0.03892123047578888,-0.30475957307536183,0.3826020340269396,0.6742436604507009,False
bitstamp,90,"(-120, -31)",True,simple,bitstamp/90d/simple/abn/-120..-31,4,0.03920509198758482,-0.8360149285587168,0.9144251125338865,0.8956765356757052,False
binance,7,"(-120, -31)",True,log,binance/7d/log/abn/-120..-31,2,0.039610940744201,-1.0273447715584285,1.1065666530468303,0.7193977154312983,False
stitched,90,"(-120, -31)",True,simple,stitched/90d/simple/abn/-120..-31,4,0.04008028217594989,-0.8359231249427126,0.9160836892946123,0.8934637209686813,False
binance,7,"(-250, -31)",True,simple,binance/7d/simple/abn/-250..-31,2,0.04202961380504018,-0.9710236330153039,1.0550828606253844,0.6911531586175007,False
binance,7,"(-250, -31)",True,log,binance/7d/log/abn/-250..-31,2,0.04472145586063138,-0.9824612678536274,1.0719041795748903,0.6783169446419455,False
binance,30,"(-120, -31)",True,simple,binance/30d/simple/abn/-120..-31,2,0.04677032154344676,-1.039522365658613,1.1330630087455065,0.6813161219353977,False
binance,30,"(-90, -11)",True,log,binance/30d/log/abn/-90..-11,2,0.046876513335844396,-1.6044764848835842,1.698229511555273,0.7796250435113624,False
bitstamp,7,"(-250, -31)",False,log,bitstamp/7d/log/raw/none,4,0.047496371915312974,-0.046984866367263886,0.14197761019788985,0.20793948672522974,False
binance,90,"(-250, -31)",True,simple,binance/90d/simple/abn/-250..-31,2,0.04758695588656073,-4.480668484615927,4.575842396389048,0.915493214513828,False
stitched,7,"(-250, -31)",False,log,stitched/7d/log/raw/none,4,0.04818757679723751,-0.04720997532103405,0.14358512891550906,0.20630031580973313,False
bitstamp,7,"(-250, -31)",False,simple,bitstamp/7d/simple/raw/none,4,0.049609875890170047,-0.04731138019854714,0.14653113197888723,0.20180930234412672,False
stitched,7,"(-250, -31)",False,simple,stitched/7d/simple/raw/none,4,0.05030488061366964,-0.04762398680267296,0.14823374803001224,0.20060755984221912,False
bitstamp,90,"(-90, -11)",True,log,bitstamp/90d/log/abn/-90..-11,4,0.051603568400193145,-1.0893001534198383,1.1925072902202247,0.8946706402042663,False
binance,7,"(-250, -31)",False,log,binance/7d/log/raw/none,2,0.05204320978889765,-0.680312727659388,0.7843991472371833,0.5324437174756623,False
stitched,90,"(-90, -11)",True,log,stitched/90d/log/abn/-90..-11,4,0.05206417731243426,-1.0895024755426932,1.1936308301675616,0.8938003188933068,False
bitstamp,30,"(-250, -31)",False,log,bitstamp/30d/log/raw/none,4,0.052949368523232065,-0.12527954544441278,0.2311782824908769,0.4141741529631326,False
stitched,30,"(-250, -31)",False,log,stitched/30d/log/raw/none,4,0.05312579563514874,-0.12530315470619985,0.23155474597649733,0.4132645308840495,False
coinbase,30,"(-250, -31)",False,simple,coinbase/30d/simple/raw/none,3,0.05323769382969945,-0.2952030155550012,0.4016784032144001,0.5784687315933489,False
binance,180,"(-250, -31)",True,simple,binance/180d/simple/abn/-250..-31,2,0.05477385124214429,-8.771660628351297,8.881208330835586,0.94990593148549,False
binance,7,"(-250, -31)",False,simple,binance/7d/simple/raw/none,2,0.055229114306813376,-0.7025419044986299,0.8130001331122565,0.5244223841366851,False
bitstamp,30,"(-250, -31)",False,simple,bitstamp/30d/simple/raw/none,4,0.06392127837352846,-0.11580223006426249,0.2436447868113194,0.33997887260937876,False
stitched,30,"(-250, -31)",False,simple,stitched/30d/simple/raw/none,4,0.06400404803989096,-0.11580488362008134,0.24381297969986326,0.3396443426788524,False
coinbase,180,"(-250, -31)",True,log,coinbase/180d/log/abn/-250..-31,3,0.06436365454232613,-1.8498808943777632,1.9786082034624153,0.8982336992074161,False
binance,30,"(-120, -31)",True,log,binance/30d/log/abn/-120..-31,2,0.07082334101540218,-1.3030454892460834,1.4446921712768879,0.6308317467518855,False
binance,30,"(-250, -31)",True,simple,binance/30d/simple/abn/-250..-31,2,0.08297290756423599,-1.001996716529015,1.167942531657487,0.5091350969251714,False
binance,90,"(-250, -31)",True,log,binance/90d/log/abn/-250..-31,2,0.08454234337033267,-4.847955622734529,5.0170403094751945,0.8634868790488539,False
bitstamp,90,"(-250, -31)",True,simple,bitstamp/90d/simple/abn/-250..-31,4,0.08598063670420675,-0.6822158049635241,0.8541770783719376,0.7452706253583523,False
coinbase,90,"(-250, -31)",False,log,coinbase/90d/log/raw/none,3,0.08627793746034722,-0.3806775763557364,0.5532334512764309,0.509976262510523,False
stitched,90,"(-250, -31)",True,simple,stitched/90d/simple/abn/-250..-31,4,0.08633441648369788,-0.6823790065962861,0.8550478395636819,0.7444418913815463,False
binance,30,"(-250, -31)",True,log,binance/30d/log/abn/-250..-31,2,0.09062658709156987,-1.1291219123899796,1.3103750865731194,0.5183124141150369,False
bitstamp,90,"(-120, -31)",True,log,bitstamp/90d/log/abn/-120..-31,4,0.10484281157750101,-0.8610313241231414,1.0707169472781435,0.7525631528676886,False
stitched,90,"(-120, -31)",True,log,stitched/90d/log/abn/-120..-31,4,0.10573635348383743,-0.8615158037246575,1.0729885106923325,0.7508997222208071,False
coinbase,90,"(-250, -31)",False,simple,coinbase/90d/simple/raw/none,3,0.11172945280531525,-0.3775951640687335,0.601054069679364,0.42946738320773664,False
binance,30,"(-250, -31)",False,log,binance/30d/log/raw/none,2,0.1189983835636017,0.04170368086269878,0.19629308626450465,0.032515846151584385,True
bitstamp,90,"(-250, -31)",True,log,bitstamp/90d/log/abn/-250..-31,4,0.12045229119107763,-0.6768900155155971,0.9177945978977523,0.6635678915636001,False
stitched,90,"(-250, -31)",True,log,stitched/90d/log/abn/-250..-31,4,0.12087504470089594,-0.6772233968688949,0.9189734862706868,0.6627885641466409,False
binance,180,"(-250, -31)",True,log,binance/180d/log/abn/-250..-31,2,0.12677468117862417,-9.56136294576272,9.814912308119968,0.8951101836558565,False
binance,30,"(-250, -31)",False,simple,binance/30d/simple/raw/none,2,0.13412097200860706,0.03836998147309863,0.22987196254411552,0.035731765282356276,True
binance,90,"(-250, -31)",False,log,binance/90d/log/raw/none,2,0.16782729430436127,-1.4110159780250588,1.7466705666337814,0.40573199253097425,False
coinbase,365,"(-120, -31)",True,simple,coinbase/365d/simple/abn/-120..-31,3,0.17505856114463558,-4.215453129255818,4.565570251545089,0.8795748106339267,False
binance,90,"(-250, -31)",False,simple,binance/90d/simple/raw/none,2,0.1977312740942309,-1.4266888227387537,1.8221513709272157,0.3653887860951721,False
binance,365,"(-120, -31)",True,simple,binance/365d/simple/abn/-120..-31,2,0.227718689618005,-22.187508114285922,22.642945493521932,0.9182746869192946,False
binance,365,"(-90, -11)",True,log,binance/365d/log/abn/-90..-11,2,0.2285120180893374,-28.40986303971236,28.866887075891032,0.9356756825286184,False
binance,180,"(-250, -31)",False,log,binance/180d/log/raw/none,2,0.2924293638056472,-2.7252522238680728,3.310110951479367,0.4342422135163222,False
bitstamp,90,"(-250, -31)",False,log,bitstamp/90d/log/raw/none,4,0.3016431309039507,-0.4242578171167972,1.0275440789246986,0.27780039061196665,False
stitched,90,"(-250, -31)",False,log,stitched/90d/log/raw/none,4,0.3016978773287855,-0.4243814167725052,1.0277771714300763,0.27782529109365456,False
coinbase,365,"(-120, -31)",True,log,coinbase/365d/log/abn/-120..-31,3,0.3217582529893992,-4.692516216352631,5.33603272233143,0.8083890415692001,False
stitched,90,"(-250, -31)",False,simple,stitched/90d/simple/raw/none,4,0.3272187338676374,-0.4055446913547665,1.0599821590900413,0.2503908695198064,False
bitstamp,90,"(-250, -31)",False,simple,bitstamp/90d/simple/raw/none,4,0.3274060583345193,-0.4050782113429936,1.0598903280120322,0.2500352306988061,False
coinbase,180,"(-250, -31)",False,log,coinbase/180d/log/raw/none,3,0.33193110912796114,-0.28355570495902777,0.94741792321495,0.14609374374972167,False
bitstamp,180,"(-90, -11)",True,log,bitstamp/180d/log/abn/-90..-11,4,0.3396814617331652,-2.0071818228389167,2.686544746305247,0.6764069782925585,False
stitched,180,"(-90, -11)",True,log,stitched/180d/log/abn/-90..-11,4,0.3405030401966745,-2.005987605700285,2.6869936860936336,0.6756458615239392,False
binance,180,"(-250, -31)",False,simple,binance/180d/simple/raw/none,2,0.3534125500947638,-2.6972615206615274,3.4040866208510545,0.37989442900811554,False
bitstamp,180,"(-90, -11)",True,simple,bitstamp/180d/simple/abn/-90..-11,4,0.3684227451025862,-2.3719065345850385,3.1087520247902107,0.6976068181072699,False
stitched,180,"(-90, -11)",True,simple,stitched/180d/simple/abn/-90..-11,4,0.3688189550721057,-2.3703644863458493,3.108002396490061,0.6971894346804551,False
coinbase,180,"(-250, -31)",False,simple,coinbase/180d/simple/raw/none,3,0.38815427986652656,-0.22815775675485966,1.0044663164879128,0.1134682627450046,False
bitstamp,180,"(-120, -31)",True,log,bitstamp/180d/log/abn/-120..-31,4,0.44557490145946,-1.5621874828613853,2.4533372857803055,0.530930964708859,False
stitched,180,"(-120, -31)",True,log,stitched/180d/log/abn/-120..-31,4,0.4472575884057294,-1.5609871532690853,2.4555023300805443,0.5295828919110864,False
bitstamp,180,"(-120, -31)",True,simple,bitstamp/180d/simple/abn/-120..-31,4,0.45591037244224963,-1.790151981644175,2.7019727265286746,0.5643024390169072,False
stitched,180,"(-120, -31)",True,simple,stitched/180d/simple/abn/-120..-31,4,0.457703694001943,-1.7874781620683757,2.7028855500722617,0.5627204777113768,False
bitstamp,180,"(-250, -31)",True,log,bitstamp/180d/log/abn/-250..-31,4,0.4766223279436081,-1.1781450689621555,2.1313897248493716,0.42692687708230825,False
stitched,180,"(-250, -31)",True,log,stitched/180d/log/abn/-250..-31,4,0.4773686115957043,-1.1769148362407191,2.1316520594321275,0.42616312842956555,False
binance,365,"(-120, -31)",True,log,binance/365d/log/abn/-120..-31,2,0.5112390803705698,-24.85103257508886,25.873510735829996,0.84037721554516,False
bitstamp,180,"(-250, -31)",True,simple,bitstamp/180d/simple/abn/-250..-31,4,0.548947444900585,-1.4216601419154165,2.5195550317165867,0.4406309570623711,False
stitched,180,"(-250, -31)",True,simple,stitched/180d/simple/abn/-250..-31,4,0.5497036754272437,-1.4200939108935229,2.5195012617480104,0.43989928246378573,False
coinbase,365,"(-250, -31)",True,simple,coinbase/365d/simple/abn/-250..-31,3,0.5635554636653223,-3.83963205564078,4.966742982971424,0.6371438141361409,False
coinbase,365,"(-250, -31)",True,log,coinbase/365d/log/abn/-250..-31,3,0.620464597954574,-4.015236172787544,5.256165368696692,0.6228565886314764,False
binance,365,"(-250, -31)",True,simple,binance/365d/simple/abn/-250..-31,2,0.6551427697344142,-21.744463353594618,23.054748893063447,0.7734821713680615,False
binance,365,"(-250, -31)",True,log,binance/365d/log/abn/-250..-31,2,0.7450451469472581,-22.797612280594112,24.28770257448863,0.7566059436761114,False
bitstamp,180,"(-250, -31)",False,log,bitstamp/180d/log/raw/none,4,0.8370128992406415,-0.7975494139008633,2.471575212382146,0.20166836400841984,False
stitched,180,"(-250, -31)",False,log,stitched/180d/log/raw/none,4,0.8370272127566712,-0.7974060617693662,2.471460487282709,0.2016359916292026,False
bitstamp,365,"(-90, -11)",True,log,bitstamp/365d/log/abn/-90..-11,4,0.9740975389028752,-3.5035500102705135,5.4517450880762635,0.5385055613018735,False
stitched,365,"(-90, -11)",True,log,stitched/365d/log/abn/-90..-11,4,0.9755142722365993,-3.5023590186868105,5.453387563160009,0.537974565935612,False
bitstamp,365,"(-90, -11)",True,simple,bitstamp/365d/simple/abn/-90..-11,4,1.005580800965044,-3.895336327643725,5.9064979295738125,0.5603462186342011,False
stitched,365,"(-90, -11)",True,simple,stitched/365d/simple/abn/-90..-11,4,1.0058396202990973,-3.893403924009684,5.905083164607879,0.5601258070893148,False
stitched,180,"(-250, -31)",False,simple,stitched/180d/simple/raw/none,4,1.0288252297843103,-1.0373650701623378,3.0950155297309587,0.21121984749576594,False
bitstamp,180,"(-250, -31)",False,simple,bitstamp/180d/simple/raw/none,4,1.0291452615498886,-1.0368133009814762,3.0951038240812534,0.21107379914445218,False
binance,365,"(-250, -31)",False,log,binance/365d/log/raw/none,2,1.0800153891654398,-8.97431656670775,11.13434734503863,0.40254503486191406,False
coinbase,365,"(-250, -31)",False,log,coinbase/365d/log/raw/none,3,1.1615126000448603,-0.8365494286568349,3.1595746287465554,0.12950911778226085,False
bitstamp,365,"(-120, -31)",True,simple,bitstamp/365d/simple/abn/-120..-31,4,1.1824894838728683,-2.7573571184075583,5.122336086153295,0.40995931405231456,False
stitched,365,"(-120, -31)",True,simple,stitched/365d/simple/abn/-120..-31,4,1.1855734017815265,-2.7548790471237816,5.126025850686835,0.40894739534054303,False
bitstamp,365,"(-120, -31)",True,log,bitstamp/365d/log/abn/-120..-31,4,1.188224604868749,-2.614507231011979,4.990956440749477,0.3933216147056302,False
stitched,365,"(-120, -31)",True,log,stitched/365d/log/abn/-120..-31,4,1.1913825851897206,-2.614427219719325,4.997192390098766,0.3925586755965064,False
bitstamp,365,"(-250, -31)",True,log,bitstamp/365d/log/abn/-250..-31,4,1.2510055888090799,-1.9064136407227394,4.408424818340899,0.29647903313662044,False
stitched,365,"(-250, -31)",True,log,stitched/365d/log/abn/-250..-31,4,1.2522700685462427,-1.90525831374404,4.409798450836526,0.2960927555550979,False
binance,365,"(-250, -31)",False,simple,binance/365d/simple/raw/none,2,1.2590199176905406,-9.461424273956773,11.979464109337854,0.3758616356248775,False
coinbase,365,"(-250, -31)",False,simple,coinbase/365d/simple/raw/none,3,1.342294237611809,-0.7840278105475911,3.4686162857712093,0.1130254649075888,False
bitstamp,365,"(-250, -31)",True,simple,bitstamp/365d/simple/abn/-250..-31,4,1.370619696689176,-2.0872071853704828,4.828446578748835,0.2963087998491014,False
stitched,365,"(-250, -31)",True,simple,stitched/365d/simple/abn/-250..-31,4,1.3716065133929107,-2.0860250105069165,4.829238037292738,0.29600153286163056,False
stitched,365,"(-250, -31)",False,log,stitched/365d/log/raw/none,4,1.979535527247426,-0.8219889509846623,4.781060005479514,0.11007132455837021,False
bitstamp,365,"(-250, -31)",False,log,bitstamp/365d/log/raw/none,4,1.9797511639179937,-0.8216625801622146,4.7811649079982015,0.1100373025071601,False
stitched,365,"(-250, -31)",False,simple,stitched/365d/simple/raw/none,4,2.340437943750292,-1.0253463220343724,5.706222209534956,0.11378795271572976,False
bitstamp,365,"(-250, -31)",False,simple,bitstamp/365d/simple/raw/none,4,2.3416274364330683,-1.0229104777898028,5.706165350655939,0.1135818567339505,False
